Transaction Date,Clearing Date,Description,Merchant,Category,Type,Amount (USD),Purchased By
12/30/2026,12/31/2026,UBER 1 INFINITE LOOP,Uber,Transportation,Purchase,54.09,Riley
12/28/2026,12/28/2026,ACH DEPOSIT INTERNET TRANSFER FROM ACCOUNT ENDING IN 7710,ACH Deposit,Payment,Payment,-850.00,Jordan
12/26/2026,12/27/2026,CAMPUS MARKET 1 INFINITE LOOP,Campus Market,Grocery,Purchase,88.41,Riley
12/24/2026,12/25/2026,UBER EATS 1 INFINITE LOOP,Uber Eats,Restaurants,Purchase,69.42,Jordan
12/22/2026,12/23/2026,CAMPUS MARKET 1 INFINITE LOOP,Campus Market,Grocery,Purchase,86.80,Riley
12/16/2026,12/17/2026,LULULEMON 1 INFINITE LOOP,Lululemon,Shopping,Purchase,7.87,Jordan
12/13/2026,12/14/2026,URBAN OUTFITTERS 1 INFINITE LOOP,Urban Outfitters,Shopping,Purchase,89.35,Riley
12/10/2026,12/11/2026,CAMPUS MARKET 1 INFINITE LOOP,Campus Market,Grocery,Purchase,30.60,Riley
12/07/2026,12/08/2026,UBER EATS 1 INFINITE LOOP,Uber Eats,Restaurants,Purchase,20.76,Jordan
12/06/2026,12/07/2026,UBER EATS 1 INFINITE LOOP,Uber Eats,Restaurants,Purchase,16.07,Jordan
12/04/2026,12/05/2026,SWEETGREEN 1 INFINITE LOOP,Sweetgreen,Restaurants,Purchase,47.02,Riley
12/02/2026,12/03/2026,APPLE SERVICES 1 INFINITE LOOP,Apple Services,Other,Purchase,47.66,Jordan
11/30/2026,12/01/2026,UBER 1 INFINITE LOOP,Uber,Transportation,Purchase,83.77,Riley
11/28/2026,11/28/2026,ACH DEPOSIT INTERNET TRANSFER FROM ACCOUNT ENDING IN 7710,ACH Deposit,Payment,Payment,-850.00,Jordan
11/27/2026,11/28/2026,APPLE SERVICES 1 INFINITE LOOP,Apple Services,Other,Purchase,47.95,Jordan
11/24/2026,11/25/2026,SWEETGREEN 1 INFINITE LOOP,Sweetgreen,Restaurants,Purchase,61.47,Riley
11/23/2026,11/24/2026,CAMPUS MARKET 1 INFINITE LOOP,Campus Market,Grocery,Purchase,64.83,Riley
11/21/2026,11/22/2026,CAMPUS MARKET 1 INFINITE LOOP,Campus Market,Grocery,Purchase,57.43,Riley
11/20/2026,11/21/2026,LULULEMON 1 INFINITE LOOP,Lululemon,Shopping,Purchase,56.05,Jordan
11/19/2026,11/20/2026,UBER 1 INFINITE LOOP,Uber,Transportation,Purchase,77.29,Riley
11/17/2026,11/18/2026,APPLE SERVICES 1 INFINITE LOOP,Apple Services,Other,Purchase,45.52,Jordan
11/15/2026,11/16/2026,UBER EATS 1 INFINITE LOOP,Uber Eats,Restaurants,Purchase,47.79,Jordan
11/13/2026,11/14/2026,UBER 1 INFINITE LOOP,Uber,Transportation,Purchase,34.41,Riley
11/13/2026,11/14/2026,URBAN OUTFITTERS 1 INFINITE LOOP,Urban Outfitters,Shopping,Purchase,15.18,Riley
11/11/2026,11/12/2026,UBER 1 INFINITE LOOP,Uber,Transportation,Purchase,80.02,Riley
11/11/2026,11/12/2026,UBER 1 INFINITE LOOP,Uber,Transportation,Purchase,26.82,Riley
11/10/2026,11/11/2026,UBER 1 INFINITE LOOP,Uber,Transportation,Purchase,71.67,Riley
11/10/2026,11/11/2026,CAMPUS MARKET 1 INFINITE LOOP,Campus Market,Grocery,Purchase,31.73,Riley
11/08/2026,11/09/2026,URBAN OUTFITTERS 1 INFINITE LOOP,Urban Outfitters,Shopping,Purchase,66.13,Riley
11/06/2026,11/07/2026,SWEETGREEN 1 INFINITE LOOP,Sweetgreen,Restaurants,Purchase,52.95,Riley
11/04/2026,11/05/2026,UBER EATS 1 INFINITE LOOP,Uber Eats,Restaurants,Purchase,63.36,Jordan
11/04/2026,11/05/2026,UBER 1 INFINITE LOOP,Uber,Transportation,Purchase,68.05,Riley
11/02/2026,11/03/2026,UBER 1 INFINITE LOOP,Uber,Transportation,Purchase,56.00,Riley
10/30/2026,10/31/2026,URBAN OUTFITTERS 1 INFINITE LOOP,Urban Outfitters,Shopping,Purchase,20.51,Riley
10/28/2026,10/28/2026,ACH DEPOSIT INTERNET TRANSFER FROM ACCOUNT ENDING IN 7710,ACH Deposit,Payment,Payment,-850.00,Jordan
10/23/2026,10/24/2026,LULULEMON 1 INFINITE LOOP,Lululemon,Shopping,Purchase,94.45,Jordan
10/21/2026,10/22/2026,URBAN OUTFITTERS 1 INFINITE LOOP,Urban Outfitters,Shopping,Purchase,79.10,Riley
10/13/2026,10/14/2026,URBAN OUTFITTERS 1 INFINITE LOOP,Urban Outfitters,Shopping,Purchase,22.93,Riley
10/10/2026,10/11/2026,UBER 1 INFINITE LOOP,Uber,Transportation,Purchase,66.80,Riley
10/08/2026,10/09/2026,APPLE SERVICES 1 INFINITE LOOP,Apple Services,Other,Purchase,24.21,Jordan
10/07/2026,10/08/2026,APPLE SERVICES 1 INFINITE LOOP,Apple Services,Other,Purchase,54.72,Jordan
10/07/2026,10/08/2026,SWEETGREEN 1 INFINITE LOOP,Sweetgreen,Restaurants,Purchase,43.79,Riley
10/06/2026,10/07/2026,CAMPUS MARKET 1 INFINITE LOOP,Campus Market,Grocery,Purchase,16.34,Riley
10/04/2026,10/05/2026,SWEETGREEN 1 INFINITE LOOP,Sweetgreen,Restaurants,Purchase,9.80,Riley
10/03/2026,10/04/2026,CAMPUS MARKET 1 INFINITE LOOP,Campus Market,Grocery,Purchase,62.65,Riley
09/28/2026,09/28/2026,ACH DEPOSIT INTERNET TRANSFER FROM ACCOUNT ENDING IN 7710,ACH Deposit,Payment,Payment,-850.00,Jordan
09/26/2026,09/27/2026,UBER 1 INFINITE LOOP,Uber,Transportation,Purchase,76.99,Riley
09/24/2026,09/25/2026,URBAN OUTFITTERS 1 INFINITE LOOP,Urban Outfitters,Shopping,Purchase,66.79,Riley
09/22/2026,09/23/2026,LULULEMON 1 INFINITE LOOP,Lululemon,Shopping,Purchase,54.08,Jordan
09/22/2026,09/23/2026,UBER 1 INFINITE LOOP,Uber,Transportation,Purchase,90.79,Riley
09/21/2026,09/22/2026,LULULEMON 1 INFINITE LOOP,Lululemon,Shopping,Purchase,89.12,Jordan
09/20/2026,09/21/2026,UBER EATS 1 INFINITE LOOP,Uber Eats,Restaurants,Purchase,13.41,Jordan
09/11/2026,09/12/2026,APPLE SERVICES 1 INFINITE LOOP,Apple Services,Other,Purchase,54.21,Jordan
09/08/2026,09/09/2026,URBAN OUTFITTERS 1 INFINITE LOOP,Urban Outfitters,Shopping,Purchase,11.54,Riley
09/04/2026,09/05/2026,APPLE SERVICES 1 INFINITE LOOP,Apple Services,Other,Purchase,31.93,Jordan
09/03/2026,09/04/2026,CAMPUS MARKET 1 INFINITE LOOP,Campus Market,Grocery,Purchase,38.06,Riley
08/31/2026,09/01/2026,SWEETGREEN 1 INFINITE LOOP,Sweetgreen,Restaurants,Purchase,44.75,Riley
08/31/2026,09/01/2026,CAMPUS MARKET 1 INFINITE LOOP,Campus Market,Grocery,Purchase,87.63,Riley
08/30/2026,08/31/2026,UBER 1 INFINITE LOOP,Uber,Transportation,Purchase,23.00,Riley
08/28/2026,08/28/2026,ACH DEPOSIT INTERNET TRANSFER FROM ACCOUNT ENDING IN 7710,ACH Deposit,Payment,Payment,-850.00,Jordan
08/27/2026,08/28/2026,CAMPUS MARKET 1 INFINITE LOOP,Campus Market,Grocery,Purchase,59.68,Riley
08/26/2026,08/27/2026,URBAN OUTFITTERS 1 INFINITE LOOP,Urban Outfitters,Shopping,Purchase,84.00,Riley
08/26/2026,08/27/2026,UBER 1 INFINITE LOOP,Uber,Transportation,Purchase,76.00,Riley
08/25/2026,08/26/2026,SWEETGREEN 1 INFINITE LOOP,Sweetgreen,Restaurants,Purchase,24.29,Riley
08/20/2026,08/21/2026,SWEETGREEN 1 INFINITE LOOP,Sweetgreen,Restaurants,Purchase,21.63,Riley
08/20/2026,08/21/2026,UBER 1 INFINITE LOOP,Uber,Transportation,Purchase,56.68,Riley
08/18/2026,08/19/2026,LULULEMON 1 INFINITE LOOP,Lululemon,Shopping,Purchase,65.36,Jordan
08/18/2026,08/19/2026,URBAN OUTFITTERS 1 INFINITE LOOP,Urban Outfitters,Shopping,Purchase,37.29,Riley
08/16/2026,08/17/2026,LULULEMON 1 INFINITE LOOP,Lululemon,Shopping,Purchase,89.68,Jordan
08/14/2026,08/15/2026,LULULEMON 1 INFINITE LOOP,Lululemon,Shopping,Purchase,61.41,Jordan
08/14/2026,08/15/2026,CAMPUS MARKET 1 INFINITE LOOP,Campus Market,Grocery,Purchase,73.32,Riley
08/14/2026,08/15/2026,SWEETGREEN 1 INFINITE LOOP,Sweetgreen,Restaurants,Purchase,75.81,Riley
08/11/2026,08/12/2026,CAMPUS MARKET 1 INFINITE LOOP,Campus Market,Grocery,Purchase,67.84,Riley
08/09/2026,08/10/2026,SWEETGREEN 1 INFINITE LOOP,Sweetgreen,Restaurants,Purchase,45.59,Riley
08/09/2026,08/10/2026,SWEETGREEN 1 INFINITE LOOP,Sweetgreen,Restaurants,Purchase,30.01,Riley
08/08/2026,08/09/2026,CAMPUS MARKET 1 INFINITE LOOP,Campus Market,Grocery,Purchase,28.76,Riley
08/03/2026,08/04/2026,LULULEMON 1 INFINITE LOOP,Lululemon,Shopping,Purchase,56.44,Jordan
07/31/2026,08/01/2026,UBER EATS 1 INFINITE LOOP,Uber Eats,Restaurants,Purchase,55.47,Jordan
07/31/2026,08/01/2026,SWEETGREEN 1 INFINITE LOOP,Sweetgreen,Restaurants,Purchase,93.58,Riley
07/31/2026,08/01/2026,CAMPUS MARKET 1 INFINITE LOOP,Campus Market,Grocery,Purchase,63.28,Riley
07/28/2026,07/28/2026,ACH DEPOSIT INTERNET TRANSFER FROM ACCOUNT ENDING IN 7710,ACH Deposit,Payment,Payment,-850.00,Jordan
07/27/2026,07/28/2026,URBAN OUTFITTERS 1 INFINITE LOOP,Urban Outfitters,Shopping,Purchase,60.49,Riley
07/26/2026,07/27/2026,APPLE SERVICES 1 INFINITE LOOP,Apple Services,Other,Purchase,83.22,Jordan
07/24/2026,07/25/2026,UBER EATS 1 INFINITE LOOP,Uber Eats,Restaurants,Purchase,93.54,Jordan
07/23/2026,07/24/2026,CAMPUS MARKET 1 INFINITE LOOP,Campus Market,Grocery,Purchase,46.71,Riley
07/22/2026,07/23/2026,APPLE SERVICES 1 INFINITE LOOP,Apple Services,Other,Purchase,60.86,Jordan
07/19/2026,07/20/2026,UBER 1 INFINITE LOOP,Uber,Transportation,Purchase,58.33,Riley
07/18/2026,07/19/2026,UBER 1 INFINITE LOOP,Uber,Transportation,Purchase,82.02,Riley
07/17/2026,07/18/2026,UBER EATS 1 INFINITE LOOP,Uber Eats,Restaurants,Purchase,45.05,Jordan
07/17/2026,07/18/2026,UBER 1 INFINITE LOOP,Uber,Transportation,Purchase,76.52,Riley
07/13/2026,07/14/2026,UBER 1 INFINITE LOOP,Uber,Transportation,Purchase,36.94,Riley
07/12/2026,07/13/2026,URBAN OUTFITTERS 1 INFINITE LOOP,Urban Outfitters,Shopping,Purchase,66.60,Riley
07/10/2026,07/11/2026,URBAN OUTFITTERS 1 INFINITE LOOP,Urban Outfitters,Shopping,Purchase,73.25,Riley
07/06/2026,07/07/2026,CAMPUS MARKET 1 INFINITE LOOP,Campus Market,Grocery,Purchase,42.53,Riley
07/03/2026,07/04/2026,CAMPUS MARKET 1 INFINITE LOOP,Campus Market,Grocery,Purchase,73.70,Riley
07/02/2026,07/03/2026,LULULEMON 1 INFINITE LOOP,Lululemon,Shopping,Purchase,47.56,Jordan
06/29/2026,06/30/2026,URBAN OUTFITTERS 1 INFINITE LOOP,Urban Outfitters,Shopping,Purchase,52.79,Riley
06/29/2026,06/30/2026,SWEETGREEN 1 INFINITE LOOP,Sweetgreen,Restaurants,Purchase,6.98,Riley
06/28/2026,06/28/2026,ACH DEPOSIT INTERNET TRANSFER FROM ACCOUNT ENDING IN 7710,ACH Deposit,Payment,Payment,-850.00,Jordan
06/27/2026,06/28/2026,CAMPUS MARKET 1 INFINITE LOOP,Campus Market,Grocery,Purchase,43.06,Riley
06/26/2026,06/27/2026,SWEETGREEN 1 INFINITE LOOP,Sweetgreen,Restaurants,Purchase,69.97,Riley
06/19/2026,06/20/2026,URBAN OUTFITTERS 1 INFINITE LOOP,Urban Outfitters,Shopping,Purchase,29.28,Riley
06/16/2026,06/17/2026,UBER EATS 1 INFINITE LOOP,Uber Eats,Restaurants,Purchase,78.06,Jordan
06/14/2026,06/15/2026,UBER 1 INFINITE LOOP,Uber,Transportation,Purchase,85.88,Riley
06/13/2026,06/14/2026,CAMPUS MARKET 1 INFINITE LOOP,Campus Market,Grocery,Purchase,28.52,Riley
06/11/2026,06/12/2026,UBER 1 INFINITE LOOP,Uber,Transportation,Purchase,32.58,Riley
06/10/2026,06/11/2026,APPLE SERVICES 1 INFINITE LOOP,Apple Services,Other,Purchase,15.05,Jordan
06/09/2026,06/10/2026,APPLE SERVICES 1 INFINITE LOOP,Apple Services,Other,Purchase,42.29,Jordan
06/09/2026,06/10/2026,CAMPUS MARKET 1 INFINITE LOOP,Campus Market,Grocery,Purchase,83.63,Riley
06/05/2026,06/06/2026,LULULEMON 1 INFINITE LOOP,Lululemon,Shopping,Purchase,53.90,Jordan
06/04/2026,06/05/2026,CAMPUS MARKET 1 INFINITE LOOP,Campus Market,Grocery,Purchase,71.41,Riley
06/03/2026,06/04/2026,UBER 1 INFINITE LOOP,Uber,Transportation,Purchase,6.20,Riley
06/02/2026,06/03/2026,UBER EATS 1 INFINITE LOOP,Uber Eats,Restaurants,Purchase,45.69,Jordan
06/01/2026,06/02/2026,APPLE SERVICES 1 INFINITE LOOP,Apple Services,Other,Purchase,39.92,Jordan
05/30/2026,05/31/2026,URBAN OUTFITTERS 1 INFINITE LOOP,Urban Outfitters,Shopping,Purchase,14.02,Riley
05/28/2026,05/29/2026,CAMPUS MARKET 1 INFINITE LOOP,Campus Market,Grocery,Purchase,76.87,Riley
05/28/2026,05/28/2026,ACH DEPOSIT INTERNET TRANSFER FROM ACCOUNT ENDING IN 7710,ACH Deposit,Payment,Payment,-850.00,Jordan
05/27/2026,05/28/2026,URBAN OUTFITTERS 1 INFINITE LOOP,Urban Outfitters,Shopping,Purchase,88.08,Riley
05/27/2026,05/28/2026,CAMPUS MARKET 1 INFINITE LOOP,Campus Market,Grocery,Purchase,94.03,Riley
05/17/2026,05/18/2026,SWEETGREEN 1 INFINITE LOOP,Sweetgreen,Restaurants,Purchase,59.99,Riley
05/14/2026,05/15/2026,SWEETGREEN 1 INFINITE LOOP,Sweetgreen,Restaurants,Purchase,68.99,Riley
05/13/2026,05/14/2026,APPLE SERVICES 1 INFINITE LOOP,Apple Services,Other,Purchase,84.82,Jordan
05/13/2026,05/14/2026,URBAN OUTFITTERS 1 INFINITE LOOP,Urban Outfitters,Shopping,Purchase,12.39,Riley
05/10/2026,05/11/2026,APPLE SERVICES 1 INFINITE LOOP,Apple Services,Other,Purchase,16.29,Jordan
05/10/2026,05/11/2026,APPLE SERVICES 1 INFINITE LOOP,Apple Services,Other,Purchase,45.54,Jordan
05/10/2026,05/11/2026,CAMPUS MARKET 1 INFINITE LOOP,Campus Market,Grocery,Purchase,55.44,Riley
05/09/2026,05/10/2026,URBAN OUTFITTERS 1 INFINITE LOOP,Urban Outfitters,Shopping,Purchase,31.82,Riley
05/07/2026,05/08/2026,CAMPUS MARKET 1 INFINITE LOOP,Campus Market,Grocery,Purchase,87.67,Riley
05/06/2026,05/07/2026,UBER EATS 1 INFINITE LOOP,Uber Eats,Restaurants,Purchase,58.92,Jordan
05/05/2026,05/06/2026,UBER EATS 1 INFINITE LOOP,Uber Eats,Restaurants,Purchase,83.48,Jordan
05/05/2026,05/06/2026,URBAN OUTFITTERS 1 INFINITE LOOP,Urban Outfitters,Shopping,Purchase,37.70,Riley
05/02/2026,05/03/2026,SWEETGREEN 1 INFINITE LOOP,Sweetgreen,Restaurants,Purchase,45.46,Riley
04/28/2026,04/28/2026,ACH DEPOSIT INTERNET TRANSFER FROM ACCOUNT ENDING IN 7710,ACH Deposit,Payment,Payment,-850.00,Jordan
04/27/2026,04/28/2026,LULULEMON 1 INFINITE LOOP,Lululemon,Shopping,Purchase,40.98,Jordan
04/23/2026,04/24/2026,SWEETGREEN 1 INFINITE LOOP,Sweetgreen,Restaurants,Purchase,36.28,Riley
04/22/2026,04/23/2026,CAMPUS MARKET 1 INFINITE LOOP,Campus Market,Grocery,Purchase,12.93,Riley
04/15/2026,04/16/2026,APPLE SERVICES 1 INFINITE LOOP,Apple Services,Other,Purchase,31.53,Jordan
04/14/2026,04/15/2026,SWEETGREEN 1 INFINITE LOOP,Sweetgreen,Restaurants,Purchase,89.41,Riley
04/14/2026,04/15/2026,CAMPUS MARKET 1 INFINITE LOOP,Campus Market,Grocery,Purchase,61.72,Riley
04/14/2026,04/15/2026,UBER 1 INFINITE LOOP,Uber,Transportation,Purchase,55.38,Riley
04/13/2026,04/14/2026,LULULEMON 1 INFINITE LOOP,Lululemon,Shopping,Purchase,73.31,Jordan
04/11/2026,04/12/2026,UBER 1 INFINITE LOOP,Uber,Transportation,Purchase,21.12,Riley
04/08/2026,04/09/2026,LULULEMON 1 INFINITE LOOP,Lululemon,Shopping,Purchase,63.96,Jordan
04/08/2026,04/09/2026,UBER 1 INFINITE LOOP,Uber,Transportation,Purchase,8.77,Riley
04/08/2026,04/09/2026,URBAN OUTFITTERS 1 INFINITE LOOP,Urban Outfitters,Shopping,Purchase,36.34,Riley
04/03/2026,04/04/2026,CAMPUS MARKET 1 INFINITE LOOP,Campus Market,Grocery,Purchase,13.71,Riley
04/02/2026,04/03/2026,UBER EATS 1 INFINITE LOOP,Uber Eats,Restaurants,Purchase,72.44,Jordan
04/02/2026,04/03/2026,UBER 1 INFINITE LOOP,Uber,Transportation,Purchase,48.16,Riley
04/01/2026,04/02/2026,CAMPUS MARKET 1 INFINITE LOOP,Campus Market,Grocery,Purchase,69.08,Riley
03/31/2026,04/01/2026,UBER EATS 1 INFINITE LOOP,Uber Eats,Restaurants,Purchase,54.96,Jordan
03/31/2026,04/01/2026,LULULEMON 1 INFINITE LOOP,Lululemon,Shopping,Purchase,46.78,Jordan
03/31/2026,04/01/2026,URBAN OUTFITTERS 1 INFINITE LOOP,Urban Outfitters,Shopping,Purchase,60.98,Riley
03/29/2026,03/30/2026,APPLE SERVICES 1 INFINITE LOOP,Apple Services,Other,Purchase,20.65,Jordan
03/28/2026,03/29/2026,LULULEMON 1 INFINITE LOOP,Lululemon,Shopping,Purchase,11.83,Jordan
03/28/2026,03/28/2026,ACH DEPOSIT INTERNET TRANSFER FROM ACCOUNT ENDING IN 7710,ACH Deposit,Payment,Payment,-850.00,Jordan
03/23/2026,03/24/2026,LULULEMON 1 INFINITE LOOP,Lululemon,Shopping,Purchase,90.95,Jordan
03/23/2026,03/24/2026,UBER 1 INFINITE LOOP,Uber,Transportation,Purchase,8.76,Riley
03/19/2026,03/20/2026,UBER 1 INFINITE LOOP,Uber,Transportation,Purchase,46.43,Riley
03/18/2026,03/19/2026,LULULEMON 1 INFINITE LOOP,Lululemon,Shopping,Purchase,77.10,Jordan
03/14/2026,03/15/2026,UBER 1 INFINITE LOOP,Uber,Transportation,Purchase,28.97,Riley
03/13/2026,03/14/2026,APPLE SERVICES 1 INFINITE LOOP,Apple Services,Other,Purchase,78.48,Jordan
03/12/2026,03/13/2026,SWEETGREEN 1 INFINITE LOOP,Sweetgreen,Restaurants,Purchase,19.32,Riley
03/09/2026,03/10/2026,CAMPUS MARKET 1 INFINITE LOOP,Campus Market,Grocery,Purchase,7.83,Riley
03/08/2026,03/09/2026,LULULEMON 1 INFINITE LOOP,Lululemon,Shopping,Purchase,82.78,Jordan
03/07/2026,03/08/2026,APPLE SERVICES 1 INFINITE LOOP,Apple Services,Other,Purchase,60.56,Jordan
03/04/2026,03/05/2026,APPLE SERVICES 1 INFINITE LOOP,Apple Services,Other,Purchase,26.24,Jordan
02/28/2026,02/28/2026,ACH DEPOSIT INTERNET TRANSFER FROM ACCOUNT ENDING IN 7710,ACH Deposit,Payment,Payment,-850.00,Jordan
02/26/2026,02/27/2026,CAMPUS MARKET 1 INFINITE LOOP,Campus Market,Grocery,Purchase,67.38,Riley
02/25/2026,02/26/2026,URBAN OUTFITTERS 1 INFINITE LOOP,Urban Outfitters,Shopping,Purchase,26.41,Riley
02/22/2026,02/23/2026,SWEETGREEN 1 INFINITE LOOP,Sweetgreen,Restaurants,Purchase,47.50,Riley
02/22/2026,02/23/2026,SWEETGREEN 1 INFINITE LOOP,Sweetgreen,Restaurants,Purchase,33.32,Riley
02/21/2026,02/22/2026,APPLE SERVICES 1 INFINITE LOOP,Apple Services,Other,Purchase,40.28,Jordan
02/20/2026,02/21/2026,URBAN OUTFITTERS 1 INFINITE LOOP,Urban Outfitters,Shopping,Purchase,73.07,Riley
02/20/2026,02/21/2026,CAMPUS MARKET 1 INFINITE LOOP,Campus Market,Grocery,Purchase,42.28,Riley
02/19/2026,02/20/2026,APPLE SERVICES 1 INFINITE LOOP,Apple Services,Other,Purchase,65.14,Jordan
02/19/2026,02/20/2026,CAMPUS MARKET 1 INFINITE LOOP,Campus Market,Grocery,Purchase,73.80,Riley
02/17/2026,02/18/2026,UBER 1 INFINITE LOOP,Uber,Transportation,Purchase,53.98,Riley
02/15/2026,02/16/2026,LULULEMON 1 INFINITE LOOP,Lululemon,Shopping,Purchase,50.32,Jordan
02/14/2026,02/15/2026,APPLE SERVICES 1 INFINITE LOOP,Apple Services,Other,Purchase,8.80,Jordan
02/13/2026,02/14/2026,CAMPUS MARKET 1 INFINITE LOOP,Campus Market,Grocery,Purchase,16.41,Riley
02/09/2026,02/10/2026,UBER 1 INFINITE LOOP,Uber,Transportation,Purchase,40.79,Riley
02/08/2026,02/09/2026,CAMPUS MARKET 1 INFINITE LOOP,Campus Market,Grocery,Purchase,38.67,Riley
02/06/2026,02/07/2026,URBAN OUTFITTERS 1 INFINITE LOOP,Urban Outfitters,Shopping,Purchase,9.27,Riley
02/02/2026,02/03/2026,URBAN OUTFITTERS 1 INFINITE LOOP,Urban Outfitters,Shopping,Purchase,50.31,Riley
01/28/2026,01/28/2026,ACH DEPOSIT INTERNET TRANSFER FROM ACCOUNT ENDING IN 7710,ACH Deposit,Payment,Payment,-850.00,Jordan
01/27/2026,01/28/2026,URBAN OUTFITTERS 1 INFINITE LOOP,Urban Outfitters,Shopping,Purchase,33.74,Riley
01/25/2026,01/26/2026,CAMPUS MARKET 1 INFINITE LOOP,Campus Market,Grocery,Purchase,46.35,Riley
01/15/2026,01/16/2026,CAMPUS MARKET 1 INFINITE LOOP,Campus Market,Grocery,Purchase,27.02,Riley
01/10/2026,01/11/2026,UBER EATS 1 INFINITE LOOP,Uber Eats,Restaurants,Purchase,12.61,Jordan
01/07/2026,01/08/2026,URBAN OUTFITTERS 1 INFINITE LOOP,Urban Outfitters,Shopping,Purchase,52.79,Riley
01/06/2026,01/07/2026,APPLE SERVICES 1 INFINITE LOOP,Apple Services,Other,Purchase,36.49,Jordan
01/06/2026,01/07/2026,CAMPUS MARKET 1 INFINITE LOOP,Campus Market,Grocery,Purchase,93.62,Riley
