Date,Description,Amount,Card Member,Account #,Extended Details,Appears On Your Statement As,Category
01/09/2026,SUSHI ZEN,230.18,ALEX RIVERA,-31005,,,
01/19/2026,WINE CELLAR DIRECT,117.73,ALEX RIVERA,-31005,,,
01/24/2026,LA BELLE BISTRO,234.74,ALEX RIVERA,-31005,,,
02/13/2026,WINE CELLAR DIRECT,58.44,ALEX RIVERA,-31005,,,
02/23/2026,SUSHI ZEN,76.53,ALEX RIVERA,-31005,,,
02/25/2026,ALASKA AIRLINES SEATTLE,582.95,ALEX RIVERA,-31005,,,
02/26/2026,WINE CELLAR DIRECT,128.57,ALEX RIVERA,-31005,,,
03/20/2026,SUSHI ZEN,84.18,ALEX RIVERA,-31005,,,
03/27/2026,LA BELLE BISTRO,81.99,ALEX RIVERA,-31005,,,
03/28/2026,WINE CELLAR DIRECT,140.34,ALEX RIVERA,-31005,,,
04/07/2026,BLUE HILL TAVERN,165.91,ALEX RIVERA,-31005,,,
05/03/2026,LA BELLE BISTRO,215.01,ALEX RIVERA,-31005,,,
05/06/2026,WINE CELLAR DIRECT,45.62,ALEX RIVERA,-31005,,,
05/08/2026,LA BELLE BISTRO,93.17,ALEX RIVERA,-31005,,,
05/11/2026,HERTZ RENT-A-CAR,236.76,ALEX RIVERA,-31005,,,
05/22/2026,HILTON HOTELS,206.81,ALEX RIVERA,-31005,,,
06/10/2026,SUSHI ZEN,67.43,ALEX RIVERA,-31005,,,
06/21/2026,LA BELLE BISTRO,87.58,ALEX RIVERA,-31005,,,
06/30/2026,LA BELLE BISTRO,216.51,ALEX RIVERA,-31005,,,
07/01/2026,HILTON HOTELS,888.99,ALEX RIVERA,-31005,,,
07/03/2026,HILTON HOTELS,451.73,ALEX RIVERA,-31005,,,
07/06/2026,HILTON HOTELS,186.86,ALEX RIVERA,-31005,,,
07/08/2026,BLUE HILL TAVERN,165.58,ALEX RIVERA,-31005,,,
07/16/2026,LA BELLE BISTRO,66.13,ALEX RIVERA,-31005,,,
08/01/2026,WINE CELLAR DIRECT,147.41,ALEX RIVERA,-31005,,,
08/10/2026,LA BELLE BISTRO,164.46,ALEX RIVERA,-31005,,,
08/20/2026,LA BELLE BISTRO,79.58,ALEX RIVERA,-31005,,,
08/27/2026,BLUE HILL TAVERN,113.04,ALEX RIVERA,-31005,,,
08/28/2026,HILTON HOTELS,573.19,ALEX RIVERA,-31005,,,
08/28/2026,LA BELLE BISTRO,103.66,ALEX RIVERA,-31005,,,
08/30/2026,BLUE HILL TAVERN,118.01,ALEX RIVERA,-31005,,,
09/24/2026,HILTON HOTELS,818.45,ALEX RIVERA,-31005,,,
09/24/2026,SUSHI ZEN,108.12,ALEX RIVERA,-31005,,,
09/27/2026,HERTZ RENT-A-CAR,861.41,ALEX RIVERA,-31005,,,
10/01/2026,SUSHI ZEN,63.28,ALEX RIVERA,-31005,,,
10/11/2026,BLUE HILL TAVERN,142.31,ALEX RIVERA,-31005,,,
10/30/2026,ALASKA AIRLINES SEATTLE,230.58,ALEX RIVERA,-31005,,,
10/30/2026,SUSHI ZEN,146.91,ALEX RIVERA,-31005,,,
11/05/2026,LA BELLE BISTRO,81.54,ALEX RIVERA,-31005,,,
11/11/2026,SUSHI ZEN,157.34,ALEX RIVERA,-31005,,,
11/21/2026,HERTZ RENT-A-CAR,214.73,ALEX RIVERA,-31005,,,
11/27/2026,LA BELLE BISTRO,232.70,ALEX RIVERA,-31005,,,
12/24/2026,HERTZ RENT-A-CAR,583.34,ALEX RIVERA,-31005,,,
01/15/2026,AUTOPAY PAYMENT - THANK YOU,-900.00,ALEX RIVERA,-31005,,,
02/15/2026,AUTOPAY PAYMENT - THANK YOU,-900.00,ALEX RIVERA,-31005,,,
03/15/2026,AUTOPAY PAYMENT - THANK YOU,-900.00,ALEX RIVERA,-31005,,,
04/15/2026,AUTOPAY PAYMENT - THANK YOU,-900.00,ALEX RIVERA,-31005,,,
05/15/2026,AUTOPAY PAYMENT - THANK YOU,-900.00,ALEX RIVERA,-31005,,,
06/15/2026,AUTOPAY PAYMENT - THANK YOU,-900.00,ALEX RIVERA,-31005,,,
07/15/2026,AUTOPAY PAYMENT - THANK YOU,-900.00,ALEX RIVERA,-31005,,,
08/15/2026,AUTOPAY PAYMENT - THANK YOU,-900.00,ALEX RIVERA,-31005,,,
09/15/2026,AUTOPAY PAYMENT - THANK YOU,-900.00,ALEX RIVERA,-31005,,,
10/15/2026,AUTOPAY PAYMENT - THANK YOU,-900.00,ALEX RIVERA,-31005,,,
11/15/2026,AUTOPAY PAYMENT - THANK YOU,-900.00,ALEX RIVERA,-31005,,,
12/15/2026,AUTOPAY PAYMENT - THANK YOU,-900.00,ALEX RIVERA,-31005,,,
