01/01/2026,SKIPTHEDISHES,20.57,,20.57
01/03/2026,T&T SUPERMARKET #009,85.36,,105.93
01/04/2026,COSTCO WHOLESALE W548,76.67,,182.60
01/04/2026,PETRO-CANADA 4491,75.60,,258.20
01/06/2026,NETFLIX.COM,18.99,,277.19
01/06/2026,SPOTIFY P1A2B3,12.99,,290.18
01/08/2026,SHOPPERS DRUG MART #22,16.23,,306.41
01/08/2026,PAYMENT - THANK YOU,,2100.00,-1793.59
01/09/2026,T&T SUPERMARKET #009,49.44,,-1744.15
01/09/2026,TIM HORTONS #5012,49.52,,-1694.63
01/09/2026,PETRO-CANADA 4491,65.85,,-1628.78
01/10/2026,T&T SUPERMARKET #009,247.64,,-1381.14
01/11/2026,COSTCO WHOLESALE W548,51.30,,-1329.84
01/13/2026,SKIPTHEDISHES,29.71,,-1300.13
01/15/2026,SAVE ON FOODS #2231,152.58,,-1147.55
01/17/2026,SAVE ON FOODS #2231,47.96,,-1099.59
01/18/2026,TIM HORTONS #5012,32.98,,-1066.61
01/18/2026,WINNERS #778,225.15,,-841.46
01/20/2026,SAVE ON FOODS #2231,226.92,,-614.54
01/21/2026,MIKU RESTAURANT,117.23,,-497.31
01/22/2026,TIM HORTONS #5012,28.30,,-469.01
01/22/2026,SKIPTHEDISHES,129.04,,-339.97
01/24/2026,COSTCO WHOLESALE W548,223.39,,-116.58
01/24/2026,MIKU RESTAURANT,101.56,,-15.02
01/24/2026,AMAZON.CA,122.71,,107.69
01/25/2026,MIKU RESTAURANT,63.24,,170.93
01/26/2026,SHOPPERS DRUG MART #22,35.87,,206.80
01/27/2026,IMPARK00123,49.66,,256.46
01/29/2026,T&T SUPERMARKET #009,230.44,,486.90
02/02/2026,MEC VANCOUVER,115.69,,602.59
02/03/2026,LONDON DRUGS 88,18.93,,621.52
02/03/2026,SHOPPERS DRUG MART #22,31.27,,652.79
02/04/2026,COSTCO WHOLESALE W548,235.53,,888.32
02/06/2026,SKIPTHEDISHES,88.30,,976.62
02/06/2026,AMAZON.CA,83.81,,1060.43
02/06/2026,MEC VANCOUVER,209.77,,1270.20
02/06/2026,NETFLIX.COM,18.99,,1289.19
02/06/2026,SPOTIFY P1A2B3,12.99,,1302.18
02/08/2026,T&T SUPERMARKET #009,68.35,,1370.53
02/08/2026,CINEPLEX ODEON,49.68,,1420.21
02/08/2026,PAYMENT - THANK YOU,,2100.00,-679.79
02/10/2026,COSTCO WHOLESALE W548,78.68,,-601.11
02/12/2026,SAVE ON FOODS #2231,41.10,,-560.01
02/15/2026,COSTCO WHOLESALE W548,122.70,,-437.31
02/15/2026,CANADIAN TIRE #321,138.67,,-298.64
02/19/2026,COSTCO WHOLESALE W548,252.60,,-46.04
02/19/2026,CINEPLEX ODEON,87.70,,41.66
02/21/2026,T&T SUPERMARKET #009,132.29,,173.95
02/27/2026,CANADIAN TIRE #321,203.54,,377.49
03/02/2026,TIM HORTONS #5012,42.51,,420.00
03/02/2026,CANADIAN TIRE #321,221.37,,641.37
03/05/2026,SKIPTHEDISHES,108.17,,749.54
03/06/2026,JJ BEAN COFFEE,45.61,,795.15
03/06/2026,NETFLIX.COM,18.99,,814.14
03/06/2026,SPOTIFY P1A2B3,12.99,,827.13
03/07/2026,COSTCO WHOLESALE W548,190.54,,1017.67
03/07/2026,ESSO CIRCLE K,50.28,,1067.95
03/07/2026,WINNERS #778,180.79,,1248.74
03/08/2026,SKIPTHEDISHES,29.45,,1278.19
03/08/2026,PAYMENT - THANK YOU,,2100.00,-821.81
03/10/2026,T&T SUPERMARKET #009,198.61,,-623.20
03/10/2026,TIM HORTONS #5012,98.23,,-524.97
03/10/2026,SKIPTHEDISHES,138.80,,-386.17
03/11/2026,T&T SUPERMARKET #009,229.22,,-156.95
03/12/2026,COSTCO WHOLESALE W548,136.89,,-20.06
03/12/2026,COSTCO WHOLESALE W548,66.11,,46.05
03/12/2026,MIKU RESTAURANT,116.03,,162.08
03/15/2026,COSTCO WHOLESALE W548,230.52,,392.60
03/18/2026,T&T SUPERMARKET #009,229.70,,622.30
03/20/2026,ESSO CIRCLE K,80.56,,702.86
03/21/2026,T&T SUPERMARKET #009,74.05,,776.91
03/22/2026,CANADIAN TIRE #321,124.39,,901.30
03/23/2026,TIM HORTONS #5012,55.30,,956.60
03/27/2026,PETRO-CANADA 4491,80.43,,1037.03
03/28/2026,SAVE ON FOODS #2231,170.82,,1207.85
03/29/2026,PETRO-CANADA 4491,27.20,,1235.05
03/29/2026,MEC VANCOUVER,105.54,,1340.59
03/30/2026,T&T SUPERMARKET #009,196.35,,1536.94
03/31/2026,SAVE ON FOODS #2231,156.04,,1692.98
03/31/2026,TIM HORTONS #5012,31.51,,1724.49
04/01/2026,IMPARK00123,77.80,,1802.29
04/03/2026,AMAZON.CA,130.37,,1932.66
04/06/2026,ESSO CIRCLE K,58.57,,1991.23
04/06/2026,NETFLIX.COM,18.99,,2010.22
04/06/2026,SPOTIFY P1A2B3,12.99,,2023.21
04/07/2026,WINNERS #778,37.92,,2061.13
04/08/2026,SAVE ON FOODS #2231,148.08,,2209.21
04/08/2026,PAYMENT - THANK YOU,,2100.00,109.21
04/10/2026,T&T SUPERMARKET #009,98.96,,208.17
04/11/2026,COSTCO WHOLESALE W548,252.10,,460.27
04/12/2026,WINNERS #778,135.21,,595.48
04/18/2026,CANADIAN TIRE #321,54.55,,650.03
04/20/2026,JJ BEAN COFFEE,139.44,,789.47
04/21/2026,JJ BEAN COFFEE,33.44,,822.91
04/21/2026,WESTJET AIR,529.41,,1352.32
04/22/2026,TIM HORTONS #5012,57.85,,1410.17
04/22/2026,PETRO-CANADA 4491,80.09,,1490.26
04/23/2026,SAVE ON FOODS #2231,122.14,,1612.40
04/26/2026,COSTCO WHOLESALE W548,176.89,,1789.29
04/27/2026,JJ BEAN COFFEE,103.06,,1892.35
04/28/2026,COSTCO WHOLESALE W548,61.21,,1953.56
04/30/2026,SAVE ON FOODS #2231,204.94,,2158.50
05/03/2026,T&T SUPERMARKET #009,235.19,,2393.69
05/06/2026,SAVE ON FOODS #2231,57.98,,2451.67
05/06/2026,NETFLIX.COM,18.99,,2470.66
05/06/2026,SPOTIFY P1A2B3,12.99,,2483.65
05/07/2026,COSTCO WHOLESALE W548,218.18,,2701.83
05/08/2026,PAYMENT - THANK YOU,,2100.00,601.83
05/11/2026,T&T SUPERMARKET #009,199.47,,801.30
05/12/2026,SKIPTHEDISHES,107.35,,908.65
05/13/2026,MEC VANCOUVER,15.90,,924.55
05/13/2026,AMAZON.CA,145.24,,1069.79
05/17/2026,COSTCO WHOLESALE W548,41.74,,1111.53
05/18/2026,MEC VANCOUVER,42.08,,1153.61
05/19/2026,SKIPTHEDISHES,37.55,,1191.16
05/20/2026,WINNERS #778,36.34,,1227.50
05/21/2026,T&T SUPERMARKET #009,234.83,,1462.33
05/21/2026,COSTCO WHOLESALE W548,101.26,,1563.59
05/26/2026,SAVE ON FOODS #2231,164.46,,1728.05
05/26/2026,JJ BEAN COFFEE,54.84,,1782.89
05/26/2026,AMAZON.CA,243.40,,2026.29
05/27/2026,JJ BEAN COFFEE,75.63,,2101.92
05/27/2026,ESSO CIRCLE K,78.87,,2180.79
05/27/2026,AIR CANADA 0142,968.65,,3149.44
05/27/2026,LONDON DRUGS 88,32.98,,3182.42
05/28/2026,GROUSE MOUNTAIN,59.55,,3241.97
05/29/2026,T&T SUPERMARKET #009,60.19,,3302.16
05/30/2026,COSTCO WHOLESALE W548,243.52,,3545.68
05/31/2026,SAVE ON FOODS #2231,128.77,,3674.45
06/04/2026,SAVE ON FOODS #2231,107.70,,3782.15
06/04/2026,IMPARK00123,28.78,,3810.93
06/06/2026,COSTCO WHOLESALE W548,92.42,,3903.35
06/06/2026,PETRO-CANADA 4491,82.04,,3985.39
06/06/2026,NETFLIX.COM,18.99,,4004.38
06/06/2026,SPOTIFY P1A2B3,12.99,,4017.37
06/08/2026,PAYMENT - THANK YOU,,2100.00,1917.37
06/10/2026,T&T SUPERMARKET #009,68.83,,1986.20
06/10/2026,SAVE ON FOODS #2231,133.08,,2119.28
06/10/2026,SAVE ON FOODS #2231,141.76,,2261.04
06/12/2026,SAVE ON FOODS #2231,98.36,,2359.40
06/12/2026,T&T SUPERMARKET #009,142.04,,2501.44
06/14/2026,WINNERS #778,148.72,,2650.16
06/16/2026,MIKU RESTAURANT,97.03,,2747.19
06/17/2026,CANADIAN TIRE #321,116.02,,2863.21
06/19/2026,T&T SUPERMARKET #009,59.55,,2922.76
06/21/2026,SKIPTHEDISHES,40.86,,2963.62
06/23/2026,COSTCO WHOLESALE W548,172.78,,3136.40
06/24/2026,COSTCO WHOLESALE W548,97.15,,3233.55
06/26/2026,JJ BEAN COFFEE,14.16,,3247.71
06/29/2026,SAVE ON FOODS #2231,219.13,,3466.84
06/29/2026,AIR CANADA 0142,269.42,,3736.26
07/01/2026,LONDON DRUGS 88,35.70,,3771.96
07/04/2026,MIKU RESTAURANT,127.83,,3899.79
07/05/2026,TIM HORTONS #5012,13.00,,3912.79
07/06/2026,SAVE ON FOODS #2231,124.06,,4036.85
07/06/2026,NETFLIX.COM,18.99,,4055.84
07/06/2026,SPOTIFY P1A2B3,12.99,,4068.83
07/07/2026,TIM HORTONS #5012,61.98,,4130.81
07/08/2026,SAVE ON FOODS #2231,173.74,,4304.55
07/08/2026,T&T SUPERMARKET #009,232.37,,4536.92
07/08/2026,PAYMENT - THANK YOU,,2100.00,2436.92
07/11/2026,SKIPTHEDISHES,104.10,,2541.02
07/12/2026,COSTCO WHOLESALE W548,89.32,,2630.34
07/15/2026,ESSO CIRCLE K,30.19,,2660.53
07/15/2026,CINEPLEX ODEON,92.28,,2752.81
07/16/2026,T&T SUPERMARKET #009,120.18,,2872.99
07/17/2026,ESSO CIRCLE K,38.65,,2911.64
07/19/2026,IMPARK00123,63.52,,2975.16
07/20/2026,SAVE ON FOODS #2231,175.99,,3151.15
07/21/2026,WESTJET AIR,346.62,,3497.77
07/22/2026,TIM HORTONS #5012,92.16,,3589.93
07/22/2026,MIKU RESTAURANT,121.21,,3711.14
07/24/2026,SAVE ON FOODS #2231,237.58,,3948.72
07/26/2026,T&T SUPERMARKET #009,191.85,,4140.57
07/26/2026,TIM HORTONS #5012,116.70,,4257.27
07/28/2026,COSTCO WHOLESALE W548,217.72,,4474.99
07/28/2026,IMPARK00123,26.46,,4501.45
07/29/2026,IMPARK00123,46.60,,4548.05
08/02/2026,IMPARK00123,40.87,,4588.92
08/03/2026,SAVE ON FOODS #2231,66.33,,4655.25
08/06/2026,IMPARK00123,34.41,,4689.66
08/06/2026,NETFLIX.COM,18.99,,4708.65
08/06/2026,SPOTIFY P1A2B3,12.99,,4721.64
08/08/2026,PAYMENT - THANK YOU,,2100.00,2621.64
08/09/2026,COSTCO WHOLESALE W548,132.98,,2754.62
08/09/2026,COSTCO WHOLESALE W548,61.69,,2816.31
08/09/2026,MIKU RESTAURANT,117.83,,2934.14
08/12/2026,T&T SUPERMARKET #009,135.15,,3069.29
08/12/2026,SKIPTHEDISHES,138.30,,3207.59
08/13/2026,ESSO CIRCLE K,52.63,,3260.22
08/16/2026,SAVE ON FOODS #2231,83.73,,3343.95
08/18/2026,FAIRMONT HOTEL,374.11,,3718.06
08/19/2026,COSTCO WHOLESALE W548,44.48,,3762.54
08/19/2026,SAVE ON FOODS #2231,105.70,,3868.24
08/21/2026,TIM HORTONS #5012,82.49,,3950.73
08/24/2026,PETRO-CANADA 4491,26.73,,3977.46
08/26/2026,COSTCO WHOLESALE W548,192.98,,4170.44
08/27/2026,COSTCO WHOLESALE W548,49.44,,4219.88
08/28/2026,TIM HORTONS #5012,36.00,,4255.88
08/29/2026,SKIPTHEDISHES,128.66,,4384.54
08/31/2026,TIM HORTONS #5012,134.53,,4519.07
09/05/2026,JJ BEAN COFFEE,20.64,,4539.71
09/06/2026,TIM HORTONS #5012,103.10,,4642.81
09/06/2026,GROUSE MOUNTAIN,53.70,,4696.51
09/06/2026,NETFLIX.COM,18.99,,4715.50
09/06/2026,SPOTIFY P1A2B3,12.99,,4728.49
09/08/2026,COSTCO WHOLESALE W548,209.90,,4938.39
09/08/2026,PAYMENT - THANK YOU,,2100.00,2838.39
09/13/2026,COSTCO WHOLESALE W548,212.99,,3051.38
09/18/2026,SAVE ON FOODS #2231,201.64,,3253.02
09/18/2026,JJ BEAN COFFEE,130.15,,3383.17
09/19/2026,COSTCO WHOLESALE W548,203.84,,3587.01
09/19/2026,T&T SUPERMARKET #009,60.58,,3647.59
09/19/2026,SKIPTHEDISHES,44.71,,3692.30
09/19/2026,WINNERS #778,237.08,,3929.38
09/22/2026,SAVE ON FOODS #2231,165.96,,4095.34
09/23/2026,T&T SUPERMARKET #009,258.82,,4354.16
09/23/2026,SAVE ON FOODS #2231,257.23,,4611.39
09/23/2026,IMPARK00123,76.08,,4687.47
09/24/2026,T&T SUPERMARKET #009,187.54,,4875.01
09/25/2026,SAVE ON FOODS #2231,247.87,,5122.88
09/26/2026,T&T SUPERMARKET #009,145.04,,5267.92
09/30/2026,JJ BEAN COFFEE,71.06,,5338.98
10/02/2026,SAVE ON FOODS #2231,220.51,,5559.49
10/06/2026,NETFLIX.COM,18.99,,5578.48
10/06/2026,SPOTIFY P1A2B3,12.99,,5591.47
10/08/2026,PAYMENT - THANK YOU,,2100.00,3491.47
10/11/2026,MIKU RESTAURANT,10.74,,3502.21
10/12/2026,JJ BEAN COFFEE,137.42,,3639.63
10/14/2026,SAVE ON FOODS #2231,55.29,,3694.92
10/15/2026,IMPARK00123,36.37,,3731.29
10/18/2026,TIM HORTONS #5012,121.37,,3852.66
10/20/2026,SHOPPERS DRUG MART #22,70.05,,3922.71
10/21/2026,WINNERS #778,240.34,,4163.05
10/22/2026,LONDON DRUGS 88,60.43,,4223.48
10/29/2026,JJ BEAN COFFEE,90.24,,4313.72
10/30/2026,FAIRMONT HOTEL,238.93,,4552.65
11/01/2026,SAVE ON FOODS #2231,148.41,,4701.06
11/01/2026,T&T SUPERMARKET #009,63.36,,4764.42
11/02/2026,T&T SUPERMARKET #009,208.90,,4973.32
11/06/2026,CINEPLEX ODEON,57.46,,5030.78
11/06/2026,NETFLIX.COM,18.99,,5049.77
11/06/2026,SPOTIFY P1A2B3,12.99,,5062.76
11/08/2026,PAYMENT - THANK YOU,,2100.00,2962.76
11/09/2026,SHOPPERS DRUG MART #22,76.43,,3039.19
11/10/2026,MEC VANCOUVER,111.54,,3150.73
11/12/2026,ESSO CIRCLE K,30.75,,3181.48
11/13/2026,IMPARK00123,41.97,,3223.45
11/14/2026,MEC VANCOUVER,50.12,,3273.57
11/16/2026,JJ BEAN COFFEE,43.70,,3317.27
11/17/2026,IMPARK00123,82.57,,3399.84
11/18/2026,JJ BEAN COFFEE,47.60,,3447.44
11/18/2026,PETRO-CANADA 4491,32.35,,3479.79
11/20/2026,JJ BEAN COFFEE,60.12,,3539.91
11/21/2026,MEC VANCOUVER,92.34,,3632.25
11/22/2026,SHOPPERS DRUG MART #22,63.50,,3695.75
11/25/2026,FAIRMONT HOTEL,1275.99,,4971.74
11/28/2026,SAVE ON FOODS #2231,159.34,,5131.08
12/04/2026,T&T SUPERMARKET #009,214.39,,5345.47
12/05/2026,MIKU RESTAURANT,51.63,,5397.10
12/05/2026,PETRO-CANADA 4491,62.22,,5459.32
12/06/2026,NETFLIX.COM,18.99,,5478.31
12/06/2026,SPOTIFY P1A2B3,12.99,,5491.30
12/07/2026,COSTCO WHOLESALE W548,143.58,,5634.88
12/07/2026,AMAZON.CA,225.00,,5859.88
12/08/2026,PAYMENT - THANK YOU,,2100.00,3759.88
12/09/2026,SHOPPERS DRUG MART #22,54.04,,3813.92
12/10/2026,CANADIAN TIRE #321,165.00,,3978.92
12/11/2026,COSTCO WHOLESALE W548,42.98,,4021.90
12/11/2026,SKIPTHEDISHES,58.09,,4079.99
12/14/2026,PETRO-CANADA 4491,56.03,,4136.02
12/16/2026,T&T SUPERMARKET #009,179.42,,4315.44
12/17/2026,T&T SUPERMARKET #009,195.37,,4510.81
12/18/2026,COSTCO WHOLESALE W548,66.22,,4577.03
12/20/2026,JJ BEAN COFFEE,86.59,,4663.62
12/21/2026,SAVE ON FOODS #2231,212.53,,4876.15
12/22/2026,T&T SUPERMARKET #009,192.77,,5068.92
12/23/2026,SKIPTHEDISHES,36.59,,5105.51
12/24/2026,WESTJET AIR,1193.16,,6298.67
12/24/2026,WINNERS #778,66.03,,6364.70
12/26/2026,LONDON DRUGS 88,16.38,,6381.08
12/27/2026,TIM HORTONS #5012,64.41,,6445.49
