pattern,category,subcategory,account,person,notes
# First match wins: put your own specific rules (kids, your employer, your landlord) at the top. pattern is a regular expression matched against the description (case doesn't matter); account/person optionally restrict the rule.
"PAYMENT.{0,15}THANK YOU|AUTOPAY|AUTO PAY|AUTOMATIC PAYMENT|EPAYMENT|E-PAYMENT|CRD PAYMENT|CARD PAYMENT|CREDIT CARD PMT|CREDIT CRD|ONLINE PYMT|MOBILE PYMT|VISA PAYMENT|PAYMENT - VISA|MASTERCARD PAYMENT|GSBANK PAYMENT",Transfer,Card payment,,,Paying a card bill: the card's own export has the purchases
TRANSFER TO|TRANSFER FROM|ONLINE TRANSFER|INTERNAL TRANSFER|FUNDS TRANSFER|SAVINGS TRANSFER,Transfer,Between your accounts,,,
FIDELITY|VANGUARD|SCHWAB|E\*?TRADE|ROBINHOOD|WEALTHSIMPLE|QUESTRADE|RBC DIRECT INVESTING|TD DIRECT INVESTING|INTERACTIVE BROKERS,Transfer,Investment contribution,,,
PAYROLL|DIRECT DEP|DIR DEP|PAYCHEQUE|PAY CHEQUE|SALARY,Income,Pay,,,
INTEREST PAID|INTEREST EARNED|DIVIDEND,Income,Interest,,,
IRS |US TREASURY|TREAS TAX|DEPT OF REVENUE|DTF|TAX PMT|CANADA REVENUE|CRA TAX|REVENUE CANADA,Taxes,Income tax payments,,,
MORTGAGE|MTG PMT|HOME LOAN,Housing,Mortgage,,,
PROPERTY TAX|PROP TAX|TAX COLLECTOR|CITY OF .*TAX|TOWN OF .*TAX|SCHOOL TAX,Housing,Property tax,,,
HOA|CONDO FEE|STRATA|MAINTENANCE FEE|RENT PAYMENT,Housing,"Condo, HOA, rent",,,
CON ED|NATIONAL GRID|PG&E|DUKE ENERGY|NYSEG|DOMINION ENERGY|BC HYDRO|FORTISBC|HYDRO ONE|TORONTO HYDRO|ENBRIDGE|WATER|ELECTRIC|GAS CO,Utilities,"Electric, gas, water",,,
VERIZON|AT&T|T-MOBILE|COMCAST|XFINITY|SPECTRUM|OPTIMUM|ROGERS|TELUS|BELL CANADA|SHAW|FIDO|KOODO|FREEDOM MOBILE,Utilities,Phone & internet,,,
GEICO|STATE FARM|ALLSTATE|PROGRESSIVE|LIBERTY MUTUAL|TRAVELERS|ICBC|INTACT|AVIVA|WAWANESA|INSURANCE,Insurance,General,,,
CVS|WALGREENS|RITE AID|PHARMACY|SHOPPERS DRUG|LONDON DRUGS|DENTAL|DENTIST|CLINIC|HOSPITAL|MEDICAL|PHYSIO|OPTOMETR,Healthcare,Out-of-pocket,,,
WHOLE FOODS|TRADER JOE|KROGER|SAFEWAY|PUBLIX|WEGMANS|PRICE CHOPPER|HANNAFORD|STOP & SHOP|ALDI|H-E-B|COSTCO|SAM'S CLUB|LOBLAWS|NO FRILLS|SAVE ON FOODS|SAVE-ON-FOODS|SOBEYS|METRO INC|FRESHCO|REAL CANADIAN|T&T SUPERMARKET|IGA |GROCERY|SUPERMARKET,Groceries,General,,,
SHELL|EXXON|MOBIL|CHEVRON|SUNOCO|BP#|BP |CITGO|SPEEDWAY|ESSO|PETRO-CANADA|PETRO CANADA|HUSKY|CHEVRON|PARKING|PARKMOBILE|IMPARK|EZPASS|E-ZPASS|TOLL,Transportation,Gas & parking,,,
JIFFY LUBE|MIDAS|FIRESTONE|AUTO REPAIR|CAR WASH|KAL TIRE|CANADIAN TIRE AUTO,Transportation,Car maintenance,,,
UBER TRIP|LYFT|MTA|TRANSLINK|COMPASS|PRESTO|AMTRAK|VIA RAIL|TAXI,Transportation,Transit & rideshare,,,
UBER EATS|DOORDASH|GRUBHUB|SKIP THE DISHES|SKIPTHEDISHES|STARBUCKS|TIM HORTONS|DUNKIN|MCDONALD|CHIPOTLE|RESTAURANT|CAFE|COFFEE|PIZZA|SUSHI|BISTRO|GRILL|TAVERN|PUB |BAR ,Dining,Restaurants & takeout,,,
DELTA|UNITED AIR|AMERICAN AIR|JETBLUE|SOUTHWEST|ALASKA AIR|AIR CANADA|WESTJET|PORTER AIR|MARRIOTT|HILTON|HYATT|AIRBNB|VRBO|EXPEDIA|BOOKING.COM|HOTEL|INN ,Travel,"Flights, hotels, rentals",,,
NETFLIX|SPOTIFY|HULU|DISNEY|HBO|MAX.COM|APPLE.COM/BILL|YOUTUBE|AUDIBLE|CRAVE|ADOBE|MICROSOFT|DROPBOX|GOOGLE \*|NYTIMES|PATREON,Subscriptions,Streaming & software,,,
AMAZON|AMZN|TARGET|WALMART|BEST BUY|MACY|NORDSTROM|OLD NAVY|GAP |UNIQLO|ETSY|EBAY|HUDSON'S BAY|WINNERS|MARSHALLS|TJ MAXX|SPORT CHEK|MEC ,Shopping,General,,,
HOME DEPOT|LOWE'S|LOWES|IKEA|BED BATH|WAYFAIR|CANADIAN TIRE|RONA|HOME HARDWARE|ACE HARDWARE,Home,Household goods,,,
PETCO|PETSMART|CHEWY|PET VALU|VETERINAR|VET CLINIC|ANIMAL HOSP,Pets,General,,,
AMC|REGAL|CINEPLEX|TICKETMASTER|STUBHUB|LIVE NATION|MUSEUM|THEATRE|THEATER|CONCERT,Entertainment,General,,,
GYM|FITNESS|YMCA|PELOTON|SKI |GOLF|CLIMBING|COMMUNITY CENTRE,Recreation,"Gym, sports",,,
SALON|BARBER|SPA |SEPHORA|ULTA,Personal Care,General,,,
DONATION|CHARITY|UNITED WAY|RED CROSS|GOFUNDME|FOUNDATION|CHURCH|NPR|PBS,Gifts & Donations,General,,,
ATM|CASH WITHDRAWAL|ABM WITHDRAWAL,Cash,Withdrawals,,,
ANNUAL FEE|LATE FEE|FOREIGN TRANSACTION FEE|SERVICE CHARGE|MONTHLY FEE|INTEREST CHARGE|OVERDRAFT,Fees,Bank & card fees,,,
