Transaction Date,Post Date,Description,Category,Type,Amount,Memo
12/30/2026,12/31/2026,WHOLE FOODS MARKET #10234,Groceries,Sale,-135.31,
12/24/2026,12/25/2026,TARGET 00012,Shopping,Sale,-93.54,
12/23/2026,12/24/2026,OSTERIA RESTAURANT,Food & Drink,Sale,-72.13,
12/22/2026,12/22/2026,Payment Thank You-Mobile,,Payment,2400.00,
12/21/2026,12/22/2026,TRADER JOE S #551,Groceries,Sale,-92.96,
12/17/2026,12/18/2026,PRICE CHOPPER #188,Groceries,Sale,-157.10,
12/16/2026,12/17/2026,SUNOCO 0823,Gas,Sale,-71.30,
12/14/2026,12/15/2026,WHOLE FOODS MARKET #10234,Groceries,Sale,-66.31,
12/12/2026,12/13/2026,PRICE CHOPPER #188,Groceries,Sale,-162.90,
12/11/2026,12/12/2026,SHELL OIL 57444,Gas,Sale,-61.75,
12/09/2026,12/10/2026,PRICE CHOPPER #188,Groceries,Sale,-135.44,
12/08/2026,12/09/2026,AMAZON MKTPL*2K8LM,Shopping,Sale,-81.53,
12/08/2026,12/09/2026,EZPASS NY REPLENISH,Travel,Sale,-53.25,
12/07/2026,12/08/2026,VERIZON WRLS P1234-01,Bills & Utilities,Sale,-148.20,
12/06/2026,12/07/2026,STARBUCKS STORE 11923,Food & Drink,Sale,-26.17,
12/05/2026,12/06/2026,SUNOCO 0823,Gas,Sale,-44.70,
12/05/2026,12/06/2026,TARGET 00012,Shopping,Sale,-64.75,
12/03/2026,12/04/2026,BEST BUY 00419,Shopping,Sale,-27.15,
12/03/2026,12/04/2026,NETFLIX.COM,Bills & Utilities,Sale,-22.99,
12/03/2026,12/04/2026,SUNOCO 0823,Gas,Sale,-48.14,
12/02/2026,12/03/2026,TRADER JOE S #551,Groceries,Sale,-203.51,
11/28/2026,11/29/2026,CHIPOTLE 2231,Food & Drink,Sale,-113.19,
11/28/2026,11/29/2026,TRADER JOE S #551,Groceries,Sale,-160.22,
11/27/2026,11/28/2026,BEST BUY 00419,Shopping,Sale,-138.22,
11/27/2026,11/28/2026,TRADER JOE S #551,Groceries,Sale,-163.21,
11/26/2026,11/27/2026,EZPASS NY REPLENISH,Travel,Sale,-48.66,
11/25/2026,11/26/2026,WHOLE FOODS MARKET #10234,Groceries,Sale,-124.83,
11/24/2026,11/25/2026,STARBUCKS STORE 11923,Food & Drink,Sale,-17.43,
11/23/2026,11/24/2026,CHIPOTLE 2231,Food & Drink,Sale,-69.47,
11/22/2026,11/23/2026,PRICE CHOPPER #188,Groceries,Sale,-70.54,
11/22/2026,11/22/2026,Payment Thank You-Mobile,,Payment,2400.00,
11/21/2026,11/22/2026,SUNOCO 0823,Gas,Sale,-47.98,
11/19/2026,11/20/2026,AMAZON MKTPL*2K8LM,Shopping,Sale,-241.53,
11/18/2026,11/19/2026,CHIPOTLE 2231,Food & Drink,Sale,-25.22,
11/17/2026,11/18/2026,SUNOCO 0823,Gas,Sale,-40.54,
11/15/2026,11/16/2026,EZPASS NY REPLENISH,Travel,Sale,-46.62,
11/15/2026,11/16/2026,PRICE CHOPPER #188,Groceries,Sale,-122.56,
11/15/2026,11/16/2026,THE HOME DEPOT #1234,Home,Sale,-42.85,
11/15/2026,11/16/2026,TRADER JOE S #551,Groceries,Sale,-114.40,
11/12/2026,11/13/2026,AMAZON MKTPL*2K8LM,Shopping,Sale,-223.56,
11/07/2026,11/08/2026,VERIZON WRLS P1234-01,Bills & Utilities,Sale,-148.20,
11/04/2026,11/05/2026,PRICE CHOPPER #188,Groceries,Sale,-110.69,
11/03/2026,11/04/2026,NETFLIX.COM,Bills & Utilities,Sale,-22.99,
10/31/2026,11/01/2026,DOORDASH*THAI GARDEN,Food & Drink,Sale,-102.03,
10/30/2026,10/31/2026,SUNOCO 0823,Gas,Sale,-39.58,
10/29/2026,10/30/2026,WHOLE FOODS MARKET #10234,Groceries,Sale,-203.12,
10/25/2026,10/26/2026,TRADER JOE S #551,Groceries,Sale,-198.81,
10/24/2026,10/25/2026,STARBUCKS STORE 11923,Food & Drink,Sale,-47.87,
10/22/2026,10/22/2026,Payment Thank You-Mobile,,Payment,2400.00,
10/21/2026,10/22/2026,TRADER JOE S #551,Groceries,Sale,-184.00,
10/16/2026,10/17/2026,PRICE CHOPPER #188,Groceries,Sale,-129.64,
10/15/2026,10/16/2026,OSTERIA RESTAURANT,Food & Drink,Sale,-43.28,
10/14/2026,10/15/2026,BEST BUY 00419,Shopping,Sale,-220.46,
10/14/2026,10/15/2026,PETSMART # 0612,Shopping,Sale,-39.22,
10/12/2026,10/13/2026,EZPASS NY REPLENISH,Travel,Sale,-38.44,
10/11/2026,10/12/2026,DOORDASH*THAI GARDEN,Food & Drink,Sale,-80.82,
10/11/2026,10/12/2026,PRICE CHOPPER #188,Groceries,Sale,-188.09,
10/10/2026,10/11/2026,BEST BUY 00419,Shopping,Sale,-254.98,
10/09/2026,10/10/2026,EZPASS NY REPLENISH,Travel,Sale,-44.81,
10/07/2026,10/08/2026,AMAZON MKTPL*2K8LM,Shopping,Sale,-86.56,
10/07/2026,10/08/2026,PRICE CHOPPER #188,Groceries,Sale,-155.30,
10/07/2026,10/08/2026,PRICE CHOPPER #188,Groceries,Sale,-137.37,
10/07/2026,10/08/2026,TRADER JOE S #551,Groceries,Sale,-75.10,
10/07/2026,10/08/2026,VERIZON WRLS P1234-01,Bills & Utilities,Sale,-148.20,
10/05/2026,10/06/2026,CHIPOTLE 2231,Food & Drink,Sale,-107.58,
10/04/2026,10/05/2026,AMAZON MKTPL*2K8LM,Shopping,Sale,-49.69,
10/04/2026,10/05/2026,BEST BUY 00419,Shopping,Sale,-100.45,
10/03/2026,10/04/2026,NETFLIX.COM,Bills & Utilities,Sale,-22.99,
10/03/2026,10/04/2026,WHOLE FOODS MARKET #10234,Groceries,Sale,-63.10,
09/30/2026,10/01/2026,PRICE CHOPPER #188,Groceries,Sale,-188.23,
09/30/2026,10/01/2026,STARBUCKS STORE 11923,Food & Drink,Sale,-75.14,
09/30/2026,10/01/2026,TARGET 00012,Shopping,Sale,-255.30,
09/29/2026,09/30/2026,WHOLE FOODS MARKET #10234,Groceries,Sale,-174.59,
09/28/2026,09/29/2026,BEST BUY 00419,Shopping,Sale,-227.34,
09/27/2026,09/28/2026,AMAZON MKTPL*2K8LM,Shopping,Sale,-139.39,
09/26/2026,09/27/2026,PRICE CHOPPER #188,Groceries,Sale,-184.34,
09/25/2026,09/26/2026,AIRBNB * HMQ2ZK,Travel,Sale,-927.42,
09/25/2026,09/26/2026,BEST BUY 00419,Shopping,Sale,-92.62,
09/25/2026,09/26/2026,CHIPOTLE 2231,Food & Drink,Sale,-97.08,
09/25/2026,09/26/2026,PRICE CHOPPER #188,Groceries,Sale,-104.39,
09/25/2026,09/26/2026,TRADER JOE S #551,Groceries,Sale,-61.93,
09/24/2026,09/25/2026,OSTERIA RESTAURANT,Food & Drink,Sale,-14.30,
09/24/2026,09/25/2026,WHOLE FOODS MARKET #10234,Groceries,Sale,-107.04,
09/23/2026,09/24/2026,SHELL OIL 57444,Gas,Sale,-67.29,
09/22/2026,09/23/2026,STARBUCKS STORE 11923,Food & Drink,Sale,-116.10,
09/22/2026,09/23/2026,WHOLE FOODS MARKET #10234,Groceries,Sale,-71.46,
09/22/2026,09/22/2026,Payment Thank You-Mobile,,Payment,2400.00,
09/21/2026,09/22/2026,OSTERIA RESTAURANT,Food & Drink,Sale,-46.16,
09/21/2026,09/22/2026,PRICE CHOPPER #188,Groceries,Sale,-119.73,
09/21/2026,09/22/2026,TARGET 00012,Shopping,Sale,-232.23,
09/20/2026,09/21/2026,BEST BUY 00419,Shopping,Sale,-111.18,
09/20/2026,09/21/2026,DELTA AIR LINES,Travel,Sale,-1386.66,
09/20/2026,09/21/2026,TRADER JOE S #551,Groceries,Sale,-186.90,
09/20/2026,09/21/2026,TRADER JOE S #551,Groceries,Sale,-57.59,
09/14/2026,09/15/2026,OSTERIA RESTAURANT,Food & Drink,Sale,-51.57,
09/13/2026,09/14/2026,PRICE CHOPPER #188,Groceries,Sale,-60.95,
09/12/2026,09/13/2026,PRICE CHOPPER #188,Groceries,Sale,-137.04,
09/11/2026,09/12/2026,EZPASS NY REPLENISH,Travel,Sale,-68.13,
09/09/2026,09/10/2026,TRADER JOE S #551,Groceries,Sale,-163.88,
09/09/2026,09/10/2026,TRADER JOE S #551,Groceries,Sale,-117.78,
09/08/2026,09/09/2026,AMAZON MKTPL*2K8LM,Shopping,Sale,-17.40,
09/07/2026,09/08/2026,VERIZON WRLS P1234-01,Bills & Utilities,Sale,-148.20,
09/04/2026,09/05/2026,WHOLE FOODS MARKET #10234,Groceries,Sale,-185.19,
09/03/2026,09/04/2026,MARRIOTT BOSTON,Travel,Sale,-811.56,
09/03/2026,09/04/2026,NETFLIX.COM,Bills & Utilities,Sale,-22.99,
09/03/2026,09/04/2026,WHOLE FOODS MARKET #10234,Groceries,Sale,-152.01,
09/01/2026,09/02/2026,SUNOCO 0823,Gas,Sale,-45.24,
08/31/2026,09/01/2026,OSTERIA RESTAURANT,Food & Drink,Sale,-29.05,
08/31/2026,09/01/2026,SUNOCO 0823,Gas,Sale,-35.44,
08/30/2026,08/31/2026,AIRBNB * HMQ2ZK,Travel,Sale,-1012.51,
08/30/2026,08/31/2026,AMAZON MKTPL*2K8LM,Shopping,Sale,-26.43,
08/27/2026,08/28/2026,AMAZON MKTPL*2K8LM,Shopping,Sale,-103.15,
08/27/2026,08/28/2026,TRADER JOE S #551,Groceries,Sale,-171.51,
08/27/2026,08/28/2026,TRADER JOE S #551,Groceries,Sale,-147.07,
08/24/2026,08/25/2026,PETSMART # 0612,Shopping,Sale,-134.28,
08/23/2026,08/24/2026,AMAZON MKTPL*2K8LM,Shopping,Sale,-58.27,
08/23/2026,08/24/2026,TRADER JOE S #551,Groceries,Sale,-83.50,
08/22/2026,08/23/2026,DOORDASH*THAI GARDEN,Food & Drink,Sale,-111.57,
08/22/2026,08/22/2026,Payment Thank You-Mobile,,Payment,2400.00,
08/21/2026,08/22/2026,TRADER JOE S #551,Groceries,Sale,-99.52,
08/16/2026,08/17/2026,SUNOCO 0823,Gas,Sale,-36.54,
08/15/2026,08/16/2026,EZPASS NY REPLENISH,Travel,Sale,-55.50,
08/12/2026,08/13/2026,DOORDASH*THAI GARDEN,Food & Drink,Sale,-39.52,
08/08/2026,08/09/2026,THE HOME DEPOT #1234,Home,Sale,-109.77,
08/07/2026,08/08/2026,DOORDASH*THAI GARDEN,Food & Drink,Sale,-84.88,
08/07/2026,08/08/2026,VERIZON WRLS P1234-01,Bills & Utilities,Sale,-148.20,
08/06/2026,08/07/2026,SUNOCO 0823,Gas,Sale,-59.17,
08/06/2026,08/07/2026,TRADER JOE S #551,Groceries,Sale,-177.42,
08/04/2026,08/05/2026,STARBUCKS STORE 11923,Food & Drink,Sale,-94.79,
08/03/2026,08/04/2026,DELTA AIR LINES,Travel,Sale,-463.05,
08/03/2026,08/04/2026,NETFLIX.COM,Bills & Utilities,Sale,-22.99,
08/02/2026,08/03/2026,TRADER JOE S #551,Groceries,Sale,-71.42,
08/01/2026,08/02/2026,PRICE CHOPPER #188,Groceries,Sale,-122.17,
07/31/2026,08/01/2026,BEST BUY 00419,Shopping,Sale,-166.45,
07/30/2026,07/31/2026,AMAZON MKTPL*2K8LM,Shopping,Sale,-192.02,
07/30/2026,07/31/2026,PRICE CHOPPER #188,Groceries,Sale,-178.32,
07/30/2026,07/31/2026,WHOLE FOODS MARKET #10234,Groceries,Sale,-119.15,
07/29/2026,07/30/2026,SUNOCO 0823,Gas,Sale,-34.28,
07/28/2026,07/29/2026,AMAZON MKTPL*2K8LM,Shopping,Sale,-235.23,
07/25/2026,07/26/2026,PRICE CHOPPER #188,Groceries,Sale,-78.42,
07/24/2026,07/25/2026,OSTERIA RESTAURANT,Food & Drink,Sale,-114.51,
07/22/2026,07/22/2026,Payment Thank You-Mobile,,Payment,2400.00,
07/21/2026,07/22/2026,CHIPOTLE 2231,Food & Drink,Sale,-68.37,
07/20/2026,07/21/2026,BEST BUY 00419,Shopping,Sale,-164.58,
07/19/2026,07/20/2026,OSTERIA RESTAURANT,Food & Drink,Sale,-69.32,
07/16/2026,07/17/2026,CHIPOTLE 2231,Food & Drink,Sale,-34.80,
07/16/2026,07/17/2026,PRICE CHOPPER #188,Groceries,Sale,-75.89,
07/10/2026,07/11/2026,OSTERIA RESTAURANT,Food & Drink,Sale,-23.45,
07/08/2026,07/09/2026,PRICE CHOPPER #188,Groceries,Sale,-121.08,
07/07/2026,07/08/2026,TARGET 00012,Shopping,Sale,-219.46,
07/07/2026,07/08/2026,VERIZON WRLS P1234-01,Bills & Utilities,Sale,-148.20,
07/03/2026,07/04/2026,NETFLIX.COM,Bills & Utilities,Sale,-22.99,
07/02/2026,07/03/2026,DOORDASH*THAI GARDEN,Food & Drink,Sale,-90.36,
07/02/2026,07/03/2026,PRICE CHOPPER #188,Groceries,Sale,-209.94,
07/02/2026,07/03/2026,STARBUCKS STORE 11923,Food & Drink,Sale,-116.95,
07/02/2026,07/03/2026,STARBUCKS STORE 11923,Food & Drink,Sale,-88.86,
07/02/2026,07/03/2026,STARBUCKS STORE 11923,Food & Drink,Sale,-80.35,
07/01/2026,07/02/2026,OSTERIA RESTAURANT,Food & Drink,Sale,-11.22,
06/30/2026,07/01/2026,BEST BUY 00419,Shopping,Sale,-221.27,
06/30/2026,07/01/2026,TRADER JOE S #551,Groceries,Sale,-158.38,
06/29/2026,06/30/2026,SUNOCO 0823,Gas,Sale,-67.42,
06/26/2026,06/27/2026,SHELL OIL 57444,Gas,Sale,-33.11,
06/25/2026,06/26/2026,MARRIOTT BOSTON,Travel,Sale,-615.49,
06/25/2026,06/26/2026,STARBUCKS STORE 11923,Food & Drink,Sale,-70.82,
06/24/2026,06/25/2026,WHOLE FOODS MARKET #10234,Groceries,Sale,-136.98,
06/22/2026,06/22/2026,Payment Thank You-Mobile,,Payment,2400.00,
06/19/2026,06/20/2026,OSTERIA RESTAURANT,Food & Drink,Sale,-89.44,
06/19/2026,06/20/2026,SUNOCO 0823,Gas,Sale,-70.82,
06/17/2026,06/18/2026,CHIPOTLE 2231,Food & Drink,Sale,-20.03,
06/17/2026,06/18/2026,TARGET 00012,Shopping,Sale,-21.11,
06/17/2026,06/18/2026,TRADER JOE S #551,Groceries,Sale,-95.11,
06/16/2026,06/17/2026,SUNOCO 0823,Gas,Sale,-52.78,
06/16/2026,06/17/2026,TARGET 00012,Shopping,Sale,-259.30,
06/16/2026,06/17/2026,TRADER JOE S #551,Groceries,Sale,-124.54,
06/16/2026,06/17/2026,WHOLE FOODS MARKET #10234,Groceries,Sale,-127.10,
06/13/2026,06/14/2026,DOORDASH*THAI GARDEN,Food & Drink,Sale,-68.72,
06/12/2026,06/13/2026,BEST BUY 00419,Shopping,Sale,-96.22,
06/11/2026,06/12/2026,STARBUCKS STORE 11923,Food & Drink,Sale,-113.75,
06/11/2026,06/12/2026,STARBUCKS STORE 11923,Food & Drink,Sale,-74.53,
06/10/2026,06/11/2026,TRADER JOE S #551,Groceries,Sale,-141.21,
06/08/2026,06/09/2026,DOORDASH*THAI GARDEN,Food & Drink,Sale,-90.58,
06/08/2026,06/09/2026,DOORDASH*THAI GARDEN,Food & Drink,Sale,-18.51,
06/08/2026,06/09/2026,PETSMART # 0612,Shopping,Sale,-169.94,
06/08/2026,06/09/2026,WHOLE FOODS MARKET #10234,Groceries,Sale,-184.89,
06/07/2026,06/08/2026,VERIZON WRLS P1234-01,Bills & Utilities,Sale,-148.20,
06/04/2026,06/05/2026,EZPASS NY REPLENISH,Travel,Sale,-35.29,
06/03/2026,06/04/2026,AMAZON MKTPL*2K8LM,Shopping,Sale,-46.52,
06/03/2026,06/04/2026,NETFLIX.COM,Bills & Utilities,Sale,-22.99,
06/02/2026,06/03/2026,OSTERIA RESTAURANT,Food & Drink,Return,18.00,
05/30/2026,05/31/2026,OSTERIA RESTAURANT,Food & Drink,Sale,-68.61,
05/30/2026,05/31/2026,PRICE CHOPPER #188,Groceries,Sale,-120.48,
05/28/2026,05/29/2026,WHOLE FOODS MARKET #10234,Groceries,Sale,-119.19,
05/24/2026,05/25/2026,TRADER JOE S #551,Groceries,Sale,-168.96,
05/22/2026,05/23/2026,CHIPOTLE 2231,Food & Drink,Sale,-54.80,
05/22/2026,05/22/2026,Payment Thank You-Mobile,,Payment,2400.00,
05/21/2026,05/22/2026,WHOLE FOODS MARKET #10234,Groceries,Sale,-184.90,
05/19/2026,05/20/2026,BEST BUY 00419,Shopping,Sale,-133.17,
05/18/2026,05/19/2026,STARBUCKS STORE 11923,Food & Drink,Sale,-19.36,
05/18/2026,05/19/2026,SUNOCO 0823,Gas,Sale,-55.85,
05/18/2026,05/19/2026,WHOLE FOODS MARKET #10234,Groceries,Sale,-50.46,
05/16/2026,05/17/2026,DOORDASH*THAI GARDEN,Food & Drink,Sale,-114.95,
05/16/2026,05/17/2026,EZPASS NY REPLENISH,Travel,Sale,-40.17,
05/14/2026,05/15/2026,LOCAL BOOKSHOP,Shopping,Sale,-64.10,
05/12/2026,05/13/2026,CHIPOTLE 2231,Food & Drink,Sale,-116.13,
05/10/2026,05/11/2026,SHELL OIL 57444,Gas,Sale,-45.03,
05/08/2026,05/09/2026,STARBUCKS STORE 11923,Food & Drink,Sale,-19.90,
05/07/2026,05/08/2026,VERIZON WRLS P1234-01,Bills & Utilities,Sale,-148.20,
05/07/2026,05/08/2026,WHOLE FOODS MARKET #10234,Groceries,Sale,-147.48,
05/03/2026,05/04/2026,NETFLIX.COM,Bills & Utilities,Sale,-22.99,
04/30/2026,05/01/2026,OSTERIA RESTAURANT,Food & Drink,Sale,-46.49,
04/29/2026,04/30/2026,WHOLE FOODS MARKET #10234,Groceries,Sale,-202.36,
04/24/2026,04/25/2026,STARBUCKS STORE 11923,Food & Drink,Sale,-111.85,
04/23/2026,04/24/2026,EZPASS NY REPLENISH,Travel,Sale,-71.39,
04/23/2026,04/24/2026,SUNOCO 0823,Gas,Sale,-39.29,
04/22/2026,04/23/2026,BEST BUY 00419,Shopping,Sale,-25.44,
04/22/2026,04/22/2026,Payment Thank You-Mobile,,Payment,2400.00,
04/20/2026,04/21/2026,AMAZON MKTPL*2K8LM,Shopping,Sale,-127.02,
04/20/2026,04/21/2026,TRADER JOE S #551,Groceries,Sale,-93.63,
04/19/2026,04/20/2026,THE HOME DEPOT #1234,Home,Sale,-42.96,
04/18/2026,04/19/2026,PRICE CHOPPER #188,Groceries,Sale,-86.50,
04/18/2026,04/19/2026,SUNOCO 0823,Gas,Sale,-53.17,
04/18/2026,04/19/2026,TARGET 00012,Shopping,Sale,-137.99,
04/16/2026,04/17/2026,PRICE CHOPPER #188,Groceries,Sale,-147.85,
04/15/2026,04/16/2026,PETSMART # 0612,Shopping,Sale,-54.34,
04/13/2026,04/14/2026,AMAZON MKTPL*2K8LM,Shopping,Sale,-71.80,
04/13/2026,04/14/2026,OSTERIA RESTAURANT,Food & Drink,Sale,-48.22,
04/13/2026,04/14/2026,PRICE CHOPPER #188,Groceries,Sale,-159.29,
04/07/2026,04/08/2026,DOORDASH*THAI GARDEN,Food & Drink,Sale,-102.90,
04/07/2026,04/08/2026,VERIZON WRLS P1234-01,Bills & Utilities,Sale,-148.20,
04/06/2026,04/07/2026,PRICE CHOPPER #188,Groceries,Sale,-90.01,
04/04/2026,04/05/2026,DOORDASH*THAI GARDEN,Food & Drink,Sale,-82.10,
04/04/2026,04/05/2026,PRICE CHOPPER #188,Groceries,Sale,-184.00,
04/03/2026,04/04/2026,AMAZON MKTPL*2K8LM,Shopping,Sale,-257.24,
04/03/2026,04/04/2026,NETFLIX.COM,Bills & Utilities,Sale,-22.99,
04/01/2026,04/02/2026,SHELL OIL 57444,Gas,Sale,-66.29,
03/31/2026,04/01/2026,PRICE CHOPPER #188,Groceries,Sale,-121.55,
03/31/2026,04/01/2026,TARGET 00012,Shopping,Sale,-251.06,
03/30/2026,03/31/2026,WHOLE FOODS MARKET #10234,Groceries,Sale,-151.96,
03/29/2026,03/30/2026,DOORDASH*THAI GARDEN,Food & Drink,Sale,-84.67,
03/29/2026,03/30/2026,WHOLE FOODS MARKET #10234,Groceries,Sale,-142.56,
03/24/2026,03/25/2026,OSTERIA RESTAURANT,Food & Drink,Sale,-36.69,
03/23/2026,03/24/2026,PETSMART # 0612,Shopping,Sale,-136.77,
03/22/2026,03/22/2026,Payment Thank You-Mobile,,Payment,2400.00,
03/17/2026,03/18/2026,STARBUCKS STORE 11923,Food & Drink,Sale,-10.62,
03/16/2026,03/17/2026,BEST BUY 00419,Shopping,Sale,-138.04,
03/16/2026,03/17/2026,PETSMART # 0612,Shopping,Sale,-69.50,
03/16/2026,03/17/2026,STARBUCKS STORE 11923,Food & Drink,Sale,-11.18,
03/15/2026,03/16/2026,AMAZON MKTPL*2K8LM,Shopping,Sale,-209.73,
03/15/2026,03/16/2026,EZPASS NY REPLENISH,Travel,Sale,-64.76,
03/11/2026,03/12/2026,TRADER JOE S #551,Groceries,Sale,-95.49,
03/11/2026,03/12/2026,TRADER JOE S #551,Groceries,Sale,-81.78,
03/10/2026,03/11/2026,DELTA AIR LINES,Travel,Sale,-282.55,
03/08/2026,03/09/2026,WHOLE FOODS MARKET #10234,Groceries,Sale,-203.85,
03/07/2026,03/08/2026,SUNOCO 0823,Gas,Sale,-42.04,
03/07/2026,03/08/2026,VERIZON WRLS P1234-01,Bills & Utilities,Sale,-148.20,
03/04/2026,03/05/2026,OSTERIA RESTAURANT,Food & Drink,Sale,-94.00,
03/04/2026,03/05/2026,TRADER JOE S #551,Groceries,Sale,-160.62,
03/03/2026,03/04/2026,NETFLIX.COM,Bills & Utilities,Sale,-22.99,
03/03/2026,03/04/2026,TRADER JOE S #551,Groceries,Sale,-176.44,
03/02/2026,03/03/2026,DOORDASH*THAI GARDEN,Food & Drink,Sale,-22.08,
03/02/2026,03/03/2026,PRICE CHOPPER #188,Groceries,Sale,-127.92,
03/02/2026,03/03/2026,SUNOCO 0823,Gas,Sale,-41.99,
03/01/2026,03/02/2026,DOORDASH*THAI GARDEN,Food & Drink,Sale,-102.29,
02/27/2026,02/28/2026,STARBUCKS STORE 11923,Food & Drink,Sale,-77.32,
02/24/2026,02/25/2026,OSTERIA RESTAURANT,Food & Drink,Sale,-39.00,
02/24/2026,02/25/2026,PRICE CHOPPER #188,Groceries,Sale,-191.48,
02/23/2026,02/24/2026,DOORDASH*THAI GARDEN,Food & Drink,Sale,-23.89,
02/22/2026,02/23/2026,WHOLE FOODS MARKET #10234,Groceries,Sale,-192.64,
02/22/2026,02/22/2026,Payment Thank You-Mobile,,Payment,2400.00,
02/21/2026,02/22/2026,DOORDASH*THAI GARDEN,Food & Drink,Sale,-67.74,
02/20/2026,02/21/2026,PRICE CHOPPER #188,Groceries,Sale,-158.74,
02/17/2026,02/18/2026,TARGET 00012,Shopping,Sale,-180.74,
02/16/2026,02/17/2026,PRICE CHOPPER #188,Groceries,Sale,-192.01,
02/16/2026,02/17/2026,TARGET 00012,Shopping,Sale,-176.52,
02/14/2026,02/15/2026,SUNOCO 0823,Gas,Sale,-65.01,
02/13/2026,02/14/2026,AIRBNB * HMQ2ZK,Travel,Sale,-729.59,
02/12/2026,02/13/2026,TRADER JOE S #551,Groceries,Sale,-175.97,
02/10/2026,02/11/2026,PETSMART # 0612,Shopping,Sale,-135.79,
02/07/2026,02/08/2026,CHIPOTLE 2231,Food & Drink,Sale,-37.41,
02/07/2026,02/08/2026,VERIZON WRLS P1234-01,Bills & Utilities,Sale,-148.20,
02/03/2026,02/04/2026,NETFLIX.COM,Bills & Utilities,Sale,-22.99,
02/02/2026,02/03/2026,OSTERIA RESTAURANT,Food & Drink,Sale,-112.36,
02/02/2026,02/03/2026,OSTERIA RESTAURANT,Food & Drink,Sale,-41.90,
01/31/2026,02/01/2026,SUNOCO 0823,Gas,Sale,-62.60,
01/30/2026,01/31/2026,DOORDASH*THAI GARDEN,Food & Drink,Sale,-34.35,
01/28/2026,01/29/2026,AMAZON MKTPL*2K8LM,Shopping,Sale,-180.62,
01/27/2026,01/28/2026,PRICE CHOPPER #188,Groceries,Sale,-151.63,
01/25/2026,01/26/2026,PRICE CHOPPER #188,Groceries,Sale,-188.24,
01/22/2026,01/22/2026,Payment Thank You-Mobile,,Payment,2400.00,
01/20/2026,01/21/2026,SHELL OIL 57444,Gas,Sale,-58.63,
01/18/2026,01/19/2026,PRICE CHOPPER #188,Groceries,Sale,-97.25,
01/18/2026,01/19/2026,WHOLE FOODS MARKET #10234,Groceries,Sale,-151.79,
01/16/2026,01/17/2026,STARBUCKS STORE 11923,Food & Drink,Sale,-43.24,
01/15/2026,01/16/2026,AMAZON MKTPL*2K8LM,Shopping,Sale,-136.81,
01/14/2026,01/15/2026,PRICE CHOPPER #188,Groceries,Sale,-184.68,
01/14/2026,01/15/2026,WHOLE FOODS MARKET #10234,Groceries,Sale,-129.21,
01/13/2026,01/14/2026,TRADER JOE S #551,Groceries,Sale,-82.05,
01/08/2026,01/09/2026,CHIPOTLE 2231,Food & Drink,Sale,-105.05,
01/08/2026,01/09/2026,WHOLE FOODS MARKET #10234,Groceries,Sale,-45.04,
01/07/2026,01/08/2026,VERIZON WRLS P1234-01,Bills & Utilities,Sale,-148.20,
01/06/2026,01/07/2026,SHELL OIL 57444,Gas,Sale,-37.01,
01/06/2026,01/07/2026,STARBUCKS STORE 11923,Food & Drink,Sale,-60.70,
01/06/2026,01/07/2026,SUNOCO 0823,Gas,Sale,-55.15,
01/03/2026,01/04/2026,NETFLIX.COM,Bills & Utilities,Sale,-22.99,
01/03/2026,01/04/2026,OSTERIA RESTAURANT,Food & Drink,Sale,-99.14,
01/02/2026,01/03/2026,TRADER JOE S #551,Groceries,Sale,-58.32,
