Account Type,Account Number,Transaction Date,Cheque Number,Description 1,Description 2,CAD$,USD$
Chequing,01234-5006789,01/01/2026,,MORTGAGE PAYMENT,RBC MORTGAGE 00456,-3033.33,
Chequing,01234-5006789,01/01/2026,,E-TRANSFER RECEIVED,BURNABY CONDO TENANT RENT,2700.00,
Chequing,01234-5006789,01/02/2026,,PAYROLL DEPOSIT,CASCADIA ENGINEERING,4210.55,
Chequing,01234-5006789,01/02/2026,,PAYROLL DEPOSIT,VANCOUVER COASTAL HLTH,3120.80,
Chequing,01234-5006789,01/04/2026,,BC HYDRO,BILL PAYMENT,-109.00,
Chequing,01234-5006789,01/05/2026,,FORTISBC GAS,BILL PAYMENT,-111.00,
Chequing,01234-5006789,01/06/2026,,TELUS,BILL PAYMENT,-185.40,
Chequing,01234-5006789,01/08/2026,,TD VISA,PAYMENT - VISA,-2100.00,
Chequing,01234-5006789,01/10/2026,,E-TRANSFER SENT,MORGAN LEE,-1000.00,
Chequing,01234-5006789,01/12/2026,,WEALTHSIMPLE,TFSA CONTRIBUTION,-500.00,
Chequing,01234-5006789,01/14/2026,,ICBC,AUTOPLAN PREAUTH,-168.00,
Chequing,01234-5006789,01/16/2026,,PAYROLL DEPOSIT,CASCADIA ENGINEERING,4210.55,
Chequing,01234-5006789,01/16/2026,,PAYROLL DEPOSIT,VANCOUVER COASTAL HLTH,3120.80,
Chequing,01234-5006789,01/16/2026,,ATM WITHDRAWAL,RBC ABM 4412,-140.00,
Chequing,01234-5006789,01/30/2026,,PAYROLL DEPOSIT,CASCADIA ENGINEERING,4210.55,
Chequing,01234-5006789,01/30/2026,,PAYROLL DEPOSIT,VANCOUVER COASTAL HLTH,3120.80,
Chequing,01234-5006789,02/01/2026,,MORTGAGE PAYMENT,RBC MORTGAGE 00456,-3033.33,
Chequing,01234-5006789,02/01/2026,,E-TRANSFER RECEIVED,BURNABY CONDO TENANT RENT,2700.00,
Chequing,01234-5006789,02/04/2026,,BC HYDRO,BILL PAYMENT,-108.00,
Chequing,01234-5006789,02/05/2026,,FORTISBC GAS,BILL PAYMENT,-87.00,
Chequing,01234-5006789,02/06/2026,,TELUS,BILL PAYMENT,-185.40,
Chequing,01234-5006789,02/08/2026,,TD VISA,PAYMENT - VISA,-2100.00,
Chequing,01234-5006789,02/10/2026,,E-TRANSFER SENT,MORGAN LEE,-1000.00,
Chequing,01234-5006789,02/12/2026,,WEALTHSIMPLE,TFSA CONTRIBUTION,-500.00,
Chequing,01234-5006789,02/13/2026,,PAYROLL DEPOSIT,CASCADIA ENGINEERING,4210.55,
Chequing,01234-5006789,02/13/2026,,PAYROLL DEPOSIT,VANCOUVER COASTAL HLTH,3120.80,
Chequing,01234-5006789,02/14/2026,,ICBC,AUTOPLAN PREAUTH,-168.00,
Chequing,01234-5006789,02/16/2026,,ATM WITHDRAWAL,RBC ABM 4412,-140.00,
Chequing,01234-5006789,02/27/2026,,PAYROLL DEPOSIT,CASCADIA ENGINEERING,4210.55,
Chequing,01234-5006789,02/27/2026,,PAYROLL DEPOSIT,VANCOUVER COASTAL HLTH,3120.80,
Chequing,01234-5006789,03/01/2026,,MORTGAGE PAYMENT,RBC MORTGAGE 00456,-3033.33,
Chequing,01234-5006789,03/01/2026,,E-TRANSFER RECEIVED,BURNABY CONDO TENANT RENT,2700.00,
Chequing,01234-5006789,03/04/2026,,BC HYDRO,BILL PAYMENT,-108.00,
Chequing,01234-5006789,03/05/2026,,FORTISBC GAS,BILL PAYMENT,-99.00,
Chequing,01234-5006789,03/06/2026,,TELUS,BILL PAYMENT,-185.40,
Chequing,01234-5006789,03/08/2026,,TD VISA,PAYMENT - VISA,-2100.00,
Chequing,01234-5006789,03/10/2026,,E-TRANSFER SENT,MORGAN LEE,-1000.00,
Chequing,01234-5006789,03/12/2026,,WEALTHSIMPLE,TFSA CONTRIBUTION,-500.00,
Chequing,01234-5006789,03/13/2026,,PAYROLL DEPOSIT,CASCADIA ENGINEERING,4210.55,
Chequing,01234-5006789,03/13/2026,,PAYROLL DEPOSIT,VANCOUVER COASTAL HLTH,3120.80,
Chequing,01234-5006789,03/14/2026,,ICBC,AUTOPLAN PREAUTH,-168.00,
Chequing,01234-5006789,03/16/2026,,ATM WITHDRAWAL,RBC ABM 4412,-140.00,
Chequing,01234-5006789,03/20/2026,,STRATA,BURNABY CONDO RENTAL STRATA,-1150.00,
Chequing,01234-5006789,03/27/2026,,PAYROLL DEPOSIT,CASCADIA ENGINEERING,4210.55,
Chequing,01234-5006789,03/27/2026,,PAYROLL DEPOSIT,VANCOUVER COASTAL HLTH,3120.80,
Chequing,01234-5006789,04/01/2026,,MORTGAGE PAYMENT,RBC MORTGAGE 00456,-3033.33,
Chequing,01234-5006789,04/01/2026,,E-TRANSFER RECEIVED,BURNABY CONDO TENANT RENT,2700.00,
Chequing,01234-5006789,04/04/2026,,BC HYDRO,BILL PAYMENT,-138.00,
Chequing,01234-5006789,04/05/2026,,FORTISBC GAS,BILL PAYMENT,-70.00,
Chequing,01234-5006789,04/06/2026,,TELUS,BILL PAYMENT,-185.40,
Chequing,01234-5006789,04/08/2026,,TD VISA,PAYMENT - VISA,-2100.00,
Chequing,01234-5006789,04/10/2026,,PAYROLL DEPOSIT,CASCADIA ENGINEERING,4210.55,
Chequing,01234-5006789,04/10/2026,,PAYROLL DEPOSIT,VANCOUVER COASTAL HLTH,3120.80,
Chequing,01234-5006789,04/10/2026,,E-TRANSFER SENT,MORGAN LEE,-1000.00,
Chequing,01234-5006789,04/12/2026,,WEALTHSIMPLE,TFSA CONTRIBUTION,-500.00,
Chequing,01234-5006789,04/14/2026,,ICBC,AUTOPLAN PREAUTH,-168.00,
Chequing,01234-5006789,04/16/2026,,ATM WITHDRAWAL,RBC ABM 4412,-140.00,
Chequing,01234-5006789,04/24/2026,,PAYROLL DEPOSIT,CASCADIA ENGINEERING,4210.55,
Chequing,01234-5006789,04/24/2026,,PAYROLL DEPOSIT,VANCOUVER COASTAL HLTH,3120.80,
Chequing,01234-5006789,05/01/2026,,MORTGAGE PAYMENT,RBC MORTGAGE 00456,-3033.33,
Chequing,01234-5006789,05/01/2026,,E-TRANSFER RECEIVED,BURNABY CONDO TENANT RENT,2700.00,
Chequing,01234-5006789,05/04/2026,,BC HYDRO,BILL PAYMENT,-102.00,
Chequing,01234-5006789,05/05/2026,,FORTISBC GAS,BILL PAYMENT,-72.00,
Chequing,01234-5006789,05/06/2026,,TELUS,BILL PAYMENT,-185.40,
Chequing,01234-5006789,05/08/2026,,PAYROLL DEPOSIT,CASCADIA ENGINEERING,4210.55,
Chequing,01234-5006789,05/08/2026,,PAYROLL DEPOSIT,VANCOUVER COASTAL HLTH,3120.80,
Chequing,01234-5006789,05/08/2026,,TD VISA,PAYMENT - VISA,-2100.00,
Chequing,01234-5006789,05/10/2026,,E-TRANSFER SENT,MORGAN LEE,-1000.00,
Chequing,01234-5006789,05/12/2026,,WEALTHSIMPLE,TFSA CONTRIBUTION,-500.00,
Chequing,01234-5006789,05/14/2026,,ICBC,AUTOPLAN PREAUTH,-168.00,
Chequing,01234-5006789,05/16/2026,,ATM WITHDRAWAL,RBC ABM 4412,-140.00,
Chequing,01234-5006789,05/22/2026,,PAYROLL DEPOSIT,CASCADIA ENGINEERING,4210.55,
Chequing,01234-5006789,05/22/2026,,PAYROLL DEPOSIT,VANCOUVER COASTAL HLTH,3120.80,
Chequing,01234-5006789,06/01/2026,,MORTGAGE PAYMENT,RBC MORTGAGE 00456,-3033.33,
Chequing,01234-5006789,06/01/2026,,E-TRANSFER RECEIVED,BURNABY CONDO TENANT RENT,2700.00,
Chequing,01234-5006789,06/04/2026,,BC HYDRO,BILL PAYMENT,-142.00,
Chequing,01234-5006789,06/05/2026,,PAYROLL DEPOSIT,CASCADIA ENGINEERING,4210.55,
Chequing,01234-5006789,06/05/2026,,PAYROLL DEPOSIT,VANCOUVER COASTAL HLTH,3120.80,
Chequing,01234-5006789,06/05/2026,,FORTISBC GAS,BILL PAYMENT,-103.00,
Chequing,01234-5006789,06/06/2026,,TELUS,BILL PAYMENT,-185.40,
Chequing,01234-5006789,06/08/2026,,TD VISA,PAYMENT - VISA,-2100.00,
Chequing,01234-5006789,06/10/2026,,E-TRANSFER SENT,MORGAN LEE,-1000.00,
Chequing,01234-5006789,06/12/2026,,WEALTHSIMPLE,TFSA CONTRIBUTION,-500.00,
Chequing,01234-5006789,06/14/2026,,ICBC,AUTOPLAN PREAUTH,-168.00,
Chequing,01234-5006789,06/16/2026,,ATM WITHDRAWAL,RBC ABM 4412,-140.00,
Chequing,01234-5006789,06/19/2026,,PAYROLL DEPOSIT,CASCADIA ENGINEERING,4210.55,
Chequing,01234-5006789,06/19/2026,,PAYROLL DEPOSIT,VANCOUVER COASTAL HLTH,3120.80,
Chequing,01234-5006789,06/20/2026,,STRATA,BURNABY CONDO RENTAL STRATA,-1150.00,
Chequing,01234-5006789,07/01/2026,,MORTGAGE PAYMENT,RBC MORTGAGE 00456,-3033.33,
Chequing,01234-5006789,07/01/2026,,E-TRANSFER RECEIVED,BURNABY CONDO TENANT RENT,2700.00,
Chequing,01234-5006789,07/02/2026,,CITY OF VANCOUVER,PROPERTY TAX,-6300.00,
Chequing,01234-5006789,07/03/2026,,PAYROLL DEPOSIT,CASCADIA ENGINEERING,4210.55,
Chequing,01234-5006789,07/03/2026,,PAYROLL DEPOSIT,VANCOUVER COASTAL HLTH,3120.80,
Chequing,01234-5006789,07/04/2026,,BC HYDRO,BILL PAYMENT,-125.00,
Chequing,01234-5006789,07/05/2026,,FORTISBC GAS,BILL PAYMENT,-92.00,
Chequing,01234-5006789,07/06/2026,,TELUS,BILL PAYMENT,-185.40,
Chequing,01234-5006789,07/08/2026,,TD VISA,PAYMENT - VISA,-2100.00,
Chequing,01234-5006789,07/10/2026,,E-TRANSFER SENT,MORGAN LEE,-1000.00,
Chequing,01234-5006789,07/12/2026,,WEALTHSIMPLE,TFSA CONTRIBUTION,-500.00,
Chequing,01234-5006789,07/14/2026,,ICBC,AUTOPLAN PREAUTH,-168.00,
Chequing,01234-5006789,07/16/2026,,ATM WITHDRAWAL,RBC ABM 4412,-140.00,
Chequing,01234-5006789,07/17/2026,,PAYROLL DEPOSIT,CASCADIA ENGINEERING,4210.55,
Chequing,01234-5006789,07/17/2026,,PAYROLL DEPOSIT,VANCOUVER COASTAL HLTH,3120.80,
Chequing,01234-5006789,07/31/2026,,PAYROLL DEPOSIT,CASCADIA ENGINEERING,4210.55,
Chequing,01234-5006789,07/31/2026,,PAYROLL DEPOSIT,VANCOUVER COASTAL HLTH,3120.80,
Chequing,01234-5006789,08/01/2026,,MORTGAGE PAYMENT,RBC MORTGAGE 00456,-3033.33,
Chequing,01234-5006789,08/01/2026,,E-TRANSFER RECEIVED,BURNABY CONDO TENANT RENT,2700.00,
Chequing,01234-5006789,08/04/2026,,BC HYDRO,BILL PAYMENT,-106.00,
Chequing,01234-5006789,08/05/2026,,FORTISBC GAS,BILL PAYMENT,-95.00,
Chequing,01234-5006789,08/06/2026,,TELUS,BILL PAYMENT,-185.40,
Chequing,01234-5006789,08/08/2026,,TD VISA,PAYMENT - VISA,-2100.00,
Chequing,01234-5006789,08/10/2026,,E-TRANSFER SENT,MORGAN LEE,-1000.00,
Chequing,01234-5006789,08/12/2026,,WEALTHSIMPLE,TFSA CONTRIBUTION,-500.00,
Chequing,01234-5006789,08/14/2026,,PAYROLL DEPOSIT,CASCADIA ENGINEERING,4210.55,
Chequing,01234-5006789,08/14/2026,,PAYROLL DEPOSIT,VANCOUVER COASTAL HLTH,3120.80,
Chequing,01234-5006789,08/14/2026,,ICBC,AUTOPLAN PREAUTH,-168.00,
Chequing,01234-5006789,08/16/2026,,ATM WITHDRAWAL,RBC ABM 4412,-140.00,
Chequing,01234-5006789,08/28/2026,,PAYROLL DEPOSIT,CASCADIA ENGINEERING,4210.55,
Chequing,01234-5006789,08/28/2026,,PAYROLL DEPOSIT,VANCOUVER COASTAL HLTH,3120.80,
Chequing,01234-5006789,09/01/2026,,MORTGAGE PAYMENT,RBC MORTGAGE 00456,-3033.33,
Chequing,01234-5006789,09/01/2026,,E-TRANSFER RECEIVED,BURNABY CONDO TENANT RENT,2700.00,
Chequing,01234-5006789,09/04/2026,,BC HYDRO,BILL PAYMENT,-152.00,
Chequing,01234-5006789,09/05/2026,,FORTISBC GAS,BILL PAYMENT,-121.00,
Chequing,01234-5006789,09/05/2026,,UBC TUITION,BILL PAYMENT,-4750.00,
Chequing,01234-5006789,09/06/2026,,TELUS,BILL PAYMENT,-185.40,
Chequing,01234-5006789,09/08/2026,,TD VISA,PAYMENT - VISA,-2100.00,
Chequing,01234-5006789,09/10/2026,,E-TRANSFER SENT,MORGAN LEE,-1000.00,
Chequing,01234-5006789,09/11/2026,,PAYROLL DEPOSIT,CASCADIA ENGINEERING,4210.55,
Chequing,01234-5006789,09/11/2026,,PAYROLL DEPOSIT,VANCOUVER COASTAL HLTH,3120.80,
Chequing,01234-5006789,09/12/2026,,WEALTHSIMPLE,TFSA CONTRIBUTION,-500.00,
Chequing,01234-5006789,09/14/2026,,ICBC,AUTOPLAN PREAUTH,-168.00,
Chequing,01234-5006789,09/16/2026,,ATM WITHDRAWAL,RBC ABM 4412,-140.00,
Chequing,01234-5006789,09/20/2026,,STRATA,BURNABY CONDO RENTAL STRATA,-1150.00,
Chequing,01234-5006789,09/25/2026,,PAYROLL DEPOSIT,CASCADIA ENGINEERING,4210.55,
Chequing,01234-5006789,09/25/2026,,PAYROLL DEPOSIT,VANCOUVER COASTAL HLTH,3120.80,
Chequing,01234-5006789,10/01/2026,,MORTGAGE PAYMENT,RBC MORTGAGE 00456,-3033.33,
Chequing,01234-5006789,10/01/2026,,E-TRANSFER RECEIVED,BURNABY CONDO TENANT RENT,2700.00,
Chequing,01234-5006789,10/04/2026,,BC HYDRO,BILL PAYMENT,-136.00,
Chequing,01234-5006789,10/05/2026,,FORTISBC GAS,BILL PAYMENT,-78.00,
Chequing,01234-5006789,10/06/2026,,TELUS,BILL PAYMENT,-185.40,
Chequing,01234-5006789,10/08/2026,,TD VISA,PAYMENT - VISA,-2100.00,
Chequing,01234-5006789,10/09/2026,,PAYROLL DEPOSIT,CASCADIA ENGINEERING,4210.55,
Chequing,01234-5006789,10/09/2026,,PAYROLL DEPOSIT,VANCOUVER COASTAL HLTH,3120.80,
Chequing,01234-5006789,10/10/2026,,E-TRANSFER SENT,MORGAN LEE,-1000.00,
Chequing,01234-5006789,10/12/2026,,WEALTHSIMPLE,TFSA CONTRIBUTION,-500.00,
Chequing,01234-5006789,10/14/2026,,ICBC,AUTOPLAN PREAUTH,-168.00,
Chequing,01234-5006789,10/16/2026,,ATM WITHDRAWAL,RBC ABM 4412,-140.00,
Chequing,01234-5006789,10/23/2026,,PAYROLL DEPOSIT,CASCADIA ENGINEERING,4210.55,
Chequing,01234-5006789,10/23/2026,,PAYROLL DEPOSIT,VANCOUVER COASTAL HLTH,3120.80,
Chequing,01234-5006789,11/01/2026,,MORTGAGE PAYMENT,RBC MORTGAGE 00456,-3033.33,
Chequing,01234-5006789,11/01/2026,,E-TRANSFER RECEIVED,BURNABY CONDO TENANT RENT,2700.00,
Chequing,01234-5006789,11/04/2026,,BC HYDRO,BILL PAYMENT,-147.00,
Chequing,01234-5006789,11/05/2026,,FORTISBC GAS,BILL PAYMENT,-82.00,
Chequing,01234-5006789,11/06/2026,,PAYROLL DEPOSIT,CASCADIA ENGINEERING,4210.55,
Chequing,01234-5006789,11/06/2026,,PAYROLL DEPOSIT,VANCOUVER COASTAL HLTH,3120.80,
Chequing,01234-5006789,11/06/2026,,TELUS,BILL PAYMENT,-185.40,
Chequing,01234-5006789,11/08/2026,,TD VISA,PAYMENT - VISA,-2100.00,
Chequing,01234-5006789,11/10/2026,,E-TRANSFER SENT,MORGAN LEE,-1000.00,
Chequing,01234-5006789,11/12/2026,,WEALTHSIMPLE,TFSA CONTRIBUTION,-500.00,
Chequing,01234-5006789,11/14/2026,,ICBC,AUTOPLAN PREAUTH,-168.00,
Chequing,01234-5006789,11/16/2026,,ATM WITHDRAWAL,RBC ABM 4412,-140.00,
Chequing,01234-5006789,11/20/2026,,PAYROLL DEPOSIT,CASCADIA ENGINEERING,4210.55,
Chequing,01234-5006789,11/20/2026,,PAYROLL DEPOSIT,VANCOUVER COASTAL HLTH,3120.80,
Chequing,01234-5006789,12/01/2026,,MORTGAGE PAYMENT,RBC MORTGAGE 00456,-3033.33,
Chequing,01234-5006789,12/01/2026,,E-TRANSFER RECEIVED,BURNABY CONDO TENANT RENT,2700.00,
Chequing,01234-5006789,12/04/2026,,PAYROLL DEPOSIT,CASCADIA ENGINEERING,4210.55,
Chequing,01234-5006789,12/04/2026,,PAYROLL DEPOSIT,VANCOUVER COASTAL HLTH,3120.80,
Chequing,01234-5006789,12/04/2026,,BC HYDRO,BILL PAYMENT,-139.00,
Chequing,01234-5006789,12/05/2026,,FORTISBC GAS,BILL PAYMENT,-108.00,
Chequing,01234-5006789,12/06/2026,,TELUS,BILL PAYMENT,-185.40,
Chequing,01234-5006789,12/08/2026,,TD VISA,PAYMENT - VISA,-2100.00,
Chequing,01234-5006789,12/10/2026,,E-TRANSFER SENT,MORGAN LEE,-1000.00,
Chequing,01234-5006789,12/12/2026,,WEALTHSIMPLE,TFSA CONTRIBUTION,-500.00,
Chequing,01234-5006789,12/14/2026,,ICBC,AUTOPLAN PREAUTH,-168.00,
Chequing,01234-5006789,12/16/2026,,ATM WITHDRAWAL,RBC ABM 4412,-140.00,
Chequing,01234-5006789,12/18/2026,,PAYROLL DEPOSIT,CASCADIA ENGINEERING,4210.55,
Chequing,01234-5006789,12/18/2026,,PAYROLL DEPOSIT,VANCOUVER COASTAL HLTH,3120.80,
Chequing,01234-5006789,12/20/2026,,STRATA,BURNABY CONDO RENTAL STRATA,-1150.00,
